variable,date,value,type
SPY_CLOSE,2000-01-03,145.4375,FIRST_VALUES
SPY_CLOSE,2000-01-04,139.75,FIRST_VALUES
SPY_CLOSE,2000-01-05,140.0,FIRST_VALUES
SPY_CLOSE,2000-01-06,137.75,FIRST_VALUES
SPY_CLOSE,2000-01-07,145.75,FIRST_VALUES
SPY_CLOSE,2025-12-08,683.63,LAST_VALUES
SPY_CLOSE,2025-12-09,683.04,LAST_VALUES
SPY_CLOSE,2025-12-10,687.57,LAST_VALUES
SPY_CLOSE,2025-12-11,689.17,LAST_VALUES
SPY_CLOSE,2025-12-12,681.76,LAST_VALUES
SPY_OPEN,2000-01-03,148.25,FIRST_VALUES
SPY_OPEN,2000-01-04,143.5313,FIRST_VALUES
SPY_OPEN,2000-01-05,139.9375,FIRST_VALUES
SPY_OPEN,2000-01-06,139.625,FIRST_VALUES
SPY_OPEN,2000-01-07,140.3125,FIRST_VALUES
SPY_OPEN,2025-12-08,686.59,LAST_VALUES
SPY_OPEN,2025-12-09,683.15,LAST_VALUES
SPY_OPEN,2025-12-10,682.56,LAST_VALUES
SPY_OPEN,2025-12-11,685.14,LAST_VALUES
SPY_OPEN,2025-12-12,688.17,LAST_VALUES
SPY_HIGH,2000-01-03,148.25,FIRST_VALUES
SPY_HIGH,2000-01-04,144.0625,FIRST_VALUES
SPY_HIGH,2000-01-05,141.5313,FIRST_VALUES
SPY_HIGH,2000-01-06,141.5,FIRST_VALUES
SPY_HIGH,2000-01-07,145.75,FIRST_VALUES
SPY_HIGH,2025-12-08,686.64,LAST_VALUES
SPY_HIGH,2025-12-09,685.385,LAST_VALUES
SPY_HIGH,2025-12-10,688.97,LAST_VALUES
SPY_HIGH,2025-12-11,689.25,LAST_VALUES
SPY_HIGH,2025-12-12,688.88,LAST_VALUES
SPY_LOW,2000-01-03,143.875,FIRST_VALUES
SPY_LOW,2000-01-04,139.6406,FIRST_VALUES
SPY_LOW,2000-01-05,137.25,FIRST_VALUES
SPY_LOW,2000-01-06,137.75,FIRST_VALUES
SPY_LOW,2000-01-07,140.0625,FIRST_VALUES
SPY_LOW,2025-12-08,681.57,LAST_VALUES
SPY_LOW,2025-12-09,682.59,LAST_VALUES
SPY_LOW,2025-12-10,681.31,LAST_VALUES
SPY_LOW,2025-12-11,682.165,LAST_VALUES
SPY_LOW,2025-12-12,679.1744,LAST_VALUES
SPY_VOLUME,2000-01-03,8164300.0,FIRST_VALUES
SPY_VOLUME,2000-01-04,8089800.0,FIRST_VALUES
SPY_VOLUME,2000-01-05,12177900.0,FIRST_VALUES
SPY_VOLUME,2000-01-06,6227200.0,FIRST_VALUES
SPY_VOLUME,2000-01-07,8066500.0,FIRST_VALUES
SPY_VOLUME,2025-12-08,55231462.0,LAST_VALUES
SPY_VOLUME,2025-12-09,58310055.0,LAST_VALUES
SPY_VOLUME,2025-12-10,85671334.0,LAST_VALUES
SPY_VOLUME,2025-12-11,86173678.0,LAST_VALUES
SPY_VOLUME,2025-12-12,113160347.0,LAST_VALUES
RISK_FREE,2000-01-03,5.5,FIRST_VALUES
RISK_FREE,2000-01-04,5.5,FIRST_VALUES
RISK_FREE,2000-01-05,5.5,FIRST_VALUES
RISK_FREE,2000-01-06,5.5,FIRST_VALUES
RISK_FREE,2000-01-07,5.5,FIRST_VALUES
RISK_FREE,2025-12-08,4.0,LAST_VALUES
RISK_FREE,2025-12-09,4.0,LAST_VALUES
RISK_FREE,2025-12-10,3.75,LAST_VALUES
RISK_FREE,2025-12-11,3.75,LAST_VALUES
RISK_FREE,2025-12-12,3.75,LAST_VALUES
M1,2000-01-31,56.7,FIRST_VALUES
M1,2000-02-01,56.7,FIRST_VALUES
M1,2000-02-02,56.7,FIRST_VALUES
M1,2000-02-03,56.7,FIRST_VALUES
M1,2000-02-04,56.7,FIRST_VALUES
M1,2025-12-08,48.7,LAST_VALUES
M1,2025-12-09,48.7,LAST_VALUES
M1,2025-12-10,48.7,LAST_VALUES
M1,2025-12-11,48.7,LAST_VALUES
M1,2025-12-12,48.7,LAST_VALUES
M2,2000-01-31,56.6,FIRST_VALUES
M2,2000-02-01,56.6,FIRST_VALUES
M2,2000-02-02,56.6,FIRST_VALUES
M2,2000-02-03,56.6,FIRST_VALUES
M2,2000-02-04,56.6,FIRST_VALUES
M2,2025-12-08,52.4,LAST_VALUES
M2,2025-12-09,52.4,LAST_VALUES
M2,2025-12-10,52.4,LAST_VALUES
M2,2025-12-11,52.4,LAST_VALUES
M2,2025-12-12,52.4,LAST_VALUES
M3,2000-01-03,18.5749,FIRST_VALUES
M3,2000-01-04,17.7629,FIRST_VALUES
M3,2000-01-05,17.6233,FIRST_VALUES
M3,2000-01-06,18.3973,FIRST_VALUES
M3,2000-01-07,18.7018,FIRST_VALUES
M3,2025-12-08,53.48,LAST_VALUES
M3,2025-12-09,53.28,LAST_VALUES
M3,2025-12-10,53.89,LAST_VALUES
M3,2025-12-11,54.87,LAST_VALUES
M3,2025-12-12,54.95,LAST_VALUES
M4,2000-01-03,27.7188,FIRST_VALUES
M4,2000-01-04,26.3125,FIRST_VALUES
M4,2000-01-05,25.9219,FIRST_VALUES
M4,2000-01-06,25.0625,FIRST_VALUES
M4,2000-01-07,25.5,FIRST_VALUES
M4,2025-12-08,147.63,LAST_VALUES
M4,2025-12-09,148.02,LAST_VALUES
M4,2025-12-10,148.73,LAST_VALUES
M4,2025-12-11,147.97,LAST_VALUES
M4,2025-12-12,143.69,LAST_VALUES
M5,2000-01-03,13.2813,FIRST_VALUES
M5,2000-01-04,13.0313,FIRST_VALUES
M5,2000-01-05,13.375,FIRST_VALUES
M5,2000-01-06,13.8906,FIRST_VALUES
M5,2000-01-07,14.0391,FIRST_VALUES
M5,2025-12-08,45.42,LAST_VALUES
M5,2025-12-09,45.7,LAST_VALUES
M5,2025-12-10,46.18,LAST_VALUES
M5,2025-12-11,45.96,LAST_VALUES
M5,2025-12-12,45.51,LAST_VALUES
M6,2000-01-03,30.2969,FIRST_VALUES
M6,2000-01-04,29.6094,FIRST_VALUES
M6,2000-01-05,29.3438,FIRST_VALUES
M6,2000-01-06,29.4375,FIRST_VALUES
M6,2000-01-07,29.7969,FIRST_VALUES
M6,2025-12-08,151.43,LAST_VALUES
M6,2025-12-09,149.96,LAST_VALUES
M6,2025-12-10,152.14,LAST_VALUES
M6,2025-12-11,153.58,LAST_VALUES
M6,2025-12-12,154.06,LAST_VALUES
M7,2000-01-03,28.8438,FIRST_VALUES
M7,2000-01-04,28.0469,FIRST_VALUES
M7,2000-01-05,27.9219,FIRST_VALUES
M7,2000-01-06,28.2969,FIRST_VALUES
M7,2000-01-07,29.375,FIRST_VALUES
M7,2025-12-08,154.39,LAST_VALUES
M7,2025-12-09,153.26,LAST_VALUES
M7,2025-12-10,156.06,LAST_VALUES
M7,2025-12-11,157.73,LAST_VALUES
M7,2025-12-12,156.74,LAST_VALUES
M8,2000-01-03,15.0625,FIRST_VALUES
M8,2000-01-04,14.6094,FIRST_VALUES
M8,2000-01-05,14.4297,FIRST_VALUES
M8,2000-01-06,14.5938,FIRST_VALUES
M8,2000-01-07,15.2813,FIRST_VALUES
M8,2025-12-08,117.99,LAST_VALUES
M8,2025-12-09,117.98,LAST_VALUES
M8,2025-12-10,119.71,LAST_VALUES
M8,2025-12-11,120.18,LAST_VALUES
M8,2025-12-12,120.7,LAST_VALUES
M9,2000-01-03,22.75,FIRST_VALUES
M9,2000-01-04,22.1094,FIRST_VALUES
M9,2000-01-05,22.5,FIRST_VALUES
M9,2000-01-06,22.9219,FIRST_VALUES
M9,2000-01-07,24.375,FIRST_VALUES
M9,2025-12-08,77.81,LAST_VALUES
M9,2025-12-09,77.99,LAST_VALUES
M9,2025-12-10,78.22,LAST_VALUES
M9,2025-12-11,78.8,LAST_VALUES
M9,2025-12-12,79.42,LAST_VALUES
M10,2000-01-03,13.7266,FIRST_VALUES
M10,2000-01-04,13.3125,FIRST_VALUES
M10,2000-01-05,13.6484,FIRST_VALUES
M10,2000-01-06,13.625,FIRST_VALUES
M10,2000-01-07,13.7422,FIRST_VALUES
M10,2025-12-08,42.72,LAST_VALUES
M10,2025-12-09,42.75,LAST_VALUES
M10,2025-12-10,42.73,LAST_VALUES
M10,2025-12-11,43.04,LAST_VALUES
M10,2025-12-12,42.83,LAST_VALUES
M11,2000-01-03,12.9844,FIRST_VALUES
M11,2000-01-04,12.8594,FIRST_VALUES
M11,2000-01-05,13.3906,FIRST_VALUES
M11,2000-01-06,13.7344,FIRST_VALUES
M11,2000-01-07,13.7266,FIRST_VALUES
M11,2025-12-08,43.48,LAST_VALUES
M11,2025-12-09,43.39,LAST_VALUES
M11,2025-12-10,44.24,LAST_VALUES
M11,2025-12-11,45.12,LAST_VALUES
M11,2025-12-12,45.15,LAST_VALUES
M12,2015-10-08,30.21,FIRST_VALUES
M12,2015-10-09,30.16,FIRST_VALUES
M12,2015-10-12,30.3499,FIRST_VALUES
M12,2015-10-13,30.16,FIRST_VALUES
M12,2015-10-14,30.16,FIRST_VALUES
M12,2025-12-08,40.74,LAST_VALUES
M12,2025-12-09,40.5,LAST_VALUES
M12,2025-12-10,40.58,LAST_VALUES
M12,2025-12-11,40.8,LAST_VALUES
M12,2025-12-12,40.75,LAST_VALUES
M13,2000-05-26,45.7188,FIRST_VALUES
M13,2000-05-30,47.4063,FIRST_VALUES
M13,2000-05-31,47.5781,FIRST_VALUES
M13,2000-06-01,48.6563,FIRST_VALUES
M13,2000-06-02,51.1875,FIRST_VALUES
M13,2025-12-08,250.87,LAST_VALUES
M13,2025-12-09,251.39,LAST_VALUES
M13,2025-12-10,254.81,LAST_VALUES
M13,2025-12-11,257.8,LAST_VALUES
M13,2025-12-12,253.85,LAST_VALUES
M14,2000-05-26,55.5,FIRST_VALUES
M14,2000-05-30,56.1406,FIRST_VALUES
M14,2000-05-31,56.5469,FIRST_VALUES
M14,2000-06-01,57.0625,FIRST_VALUES
M14,2000-06-02,58.0938,FIRST_VALUES
M14,2025-12-08,209.13,LAST_VALUES
M14,2025-12-09,208.64,LAST_VALUES
M14,2025-12-10,211.49,LAST_VALUES
M14,2025-12-11,212.85,LAST_VALUES
M14,2025-12-12,211.79,LAST_VALUES
M15,2000-05-26,78.1406,FIRST_VALUES
M15,2000-05-30,79.625,FIRST_VALUES
M15,2000-05-31,82.0938,FIRST_VALUES
M15,2000-06-01,82.875,FIRST_VALUES
M15,2000-06-02,85.8906,FIRST_VALUES
M15,2025-12-08,478.53,LAST_VALUES
M15,2025-12-09,478.49,LAST_VALUES
M15,2025-12-10,479.27,LAST_VALUES
M15,2025-12-11,479.0,LAST_VALUES
M15,2025-12-12,471.36,LAST_VALUES
M16,2000-01-03,80.0938,FIRST_VALUES
M16,2000-01-04,77.375,FIRST_VALUES
M16,2000-01-05,78.125,FIRST_VALUES
M16,2000-01-06,77.4375,FIRST_VALUES
M16,2000-01-07,81.0,FIRST_VALUES
M16,2025-12-08,604.34,LAST_VALUES
M16,2025-12-09,603.9,LAST_VALUES
M16,2025-12-10,615.37,LAST_VALUES
M16,2025-12-11,621.24,LAST_VALUES
M16,2025-12-12,613.11,LAST_VALUES
M17,2000-01-03,113.5,FIRST_VALUES
M17,2000-01-04,109.7656,FIRST_VALUES
M17,2000-01-05,111.1875,FIRST_VALUES
M17,2000-01-06,111.75,FIRST_VALUES
M17,2000-01-07,115.5,FIRST_VALUES
M17,2025-12-08,478.15,LAST_VALUES
M17,2025-12-09,476.42,LAST_VALUES
M17,2025-12-10,481.35,LAST_VALUES
M17,2025-12-11,487.87,LAST_VALUES
M17,2025-12-12,485.4,LAST_VALUES
M18,2000-01-03,94.75,FIRST_VALUES
M18,2000-01-04,88.25,FIRST_VALUES
M18,2000-01-05,86.0,FIRST_VALUES
M18,2000-01-06,80.09,FIRST_VALUES
M18,2000-01-07,90.0,FIRST_VALUES
M18,2025-12-08,624.28,LAST_VALUES
M18,2025-12-09,625.05,LAST_VALUES
M18,2025-12-10,627.61,LAST_VALUES
M18,2025-12-11,625.58,LAST_VALUES
M18,2025-12-12,613.62,LAST_VALUES
E1,2000-03-31,1.5,FIRST_VALUES
E1,2000-04-03,1.5,FIRST_VALUES
E1,2000-04-04,1.5,FIRST_VALUES
E1,2000-04-05,1.5,FIRST_VALUES
E1,2000-04-06,1.5,FIRST_VALUES
E1,2025-12-08,3.8,LAST_VALUES
E1,2025-12-09,3.8,LAST_VALUES
E1,2025-12-10,3.8,LAST_VALUES
E1,2025-12-11,3.8,LAST_VALUES
E1,2025-12-12,3.8,LAST_VALUES
E2,2000-01-31,-0.14,FIRST_VALUES
E2,2000-02-01,-0.14,FIRST_VALUES
E2,2000-02-02,-0.14,FIRST_VALUES
E2,2000-02-03,-0.14,FIRST_VALUES
E2,2000-02-04,-0.14,FIRST_VALUES
E2,2025-12-08,0.1,LAST_VALUES
E2,2025-12-09,0.1,LAST_VALUES
E2,2025-12-10,0.1,LAST_VALUES
E2,2025-12-11,0.1,LAST_VALUES
E2,2025-12-12,0.1,LAST_VALUES
E3,2005-01-31,54.7,FIRST_VALUES
E3,2005-02-01,54.7,FIRST_VALUES
E3,2005-02-02,54.7,FIRST_VALUES
E3,2005-02-03,54.7,FIRST_VALUES
E3,2005-02-04,54.7,FIRST_VALUES
E3,2025-12-08,49.0,LAST_VALUES
E3,2025-12-09,49.0,LAST_VALUES
E3,2025-12-10,49.0,LAST_VALUES
E3,2025-12-11,49.0,LAST_VALUES
E3,2025-12-12,49.0,LAST_VALUES
E4,2000-01-31,4.0,FIRST_VALUES
E4,2000-02-01,4.0,FIRST_VALUES
E4,2000-02-02,4.0,FIRST_VALUES
E4,2000-02-03,4.0,FIRST_VALUES
E4,2000-02-04,4.0,FIRST_VALUES
E4,2025-12-08,4.4,LAST_VALUES
E4,2025-12-09,4.4,LAST_VALUES
E4,2025-12-10,4.4,LAST_VALUES
E4,2025-12-11,4.4,LAST_VALUES
E4,2025-12-12,4.4,LAST_VALUES
E5,2000-01-31,228.0,FIRST_VALUES
E5,2000-02-01,228.0,FIRST_VALUES
E5,2000-02-02,228.0,FIRST_VALUES
E5,2000-02-03,228.0,FIRST_VALUES
E5,2000-02-04,228.0,FIRST_VALUES
E5,2025-12-08,119.0,LAST_VALUES
E5,2025-12-09,119.0,LAST_VALUES
E5,2025-12-10,119.0,LAST_VALUES
E5,2025-12-11,119.0,LAST_VALUES
E5,2025-12-12,119.0,LAST_VALUES
E6,2000-01-07,298.0,FIRST_VALUES
E6,2000-01-10,298.0,FIRST_VALUES
E6,2000-01-11,298.0,FIRST_VALUES
E6,2000-01-12,298.0,FIRST_VALUES
E6,2000-01-13,298.0,FIRST_VALUES
E6,2025-12-08,236.0,LAST_VALUES
E6,2025-12-09,236.0,LAST_VALUES
E6,2025-12-10,236.0,LAST_VALUES
E6,2025-12-11,236.0,LAST_VALUES
E6,2025-12-12,236.0,LAST_VALUES
E7,2000-01-07,2107.0,FIRST_VALUES
E7,2000-01-10,2107.0,FIRST_VALUES
E7,2000-01-11,2107.0,FIRST_VALUES
E7,2000-01-12,2107.0,FIRST_VALUES
E7,2000-01-13,2107.0,FIRST_VALUES
E7,2025-12-08,1838.0,LAST_VALUES
E7,2025-12-09,1838.0,LAST_VALUES
E7,2025-12-10,1838.0,LAST_VALUES
E7,2025-12-11,1838.0,LAST_VALUES
E7,2025-12-12,1838.0,LAST_VALUES
E8,2000-01-31,2.7,FIRST_VALUES
E8,2000-02-01,2.7,FIRST_VALUES
E8,2000-02-02,2.7,FIRST_VALUES
E8,2000-02-03,2.7,FIRST_VALUES
E8,2000-02-04,2.7,FIRST_VALUES
E8,2025-12-08,3.0,LAST_VALUES
E8,2025-12-09,3.0,LAST_VALUES
E8,2025-12-10,3.0,LAST_VALUES
E8,2025-12-11,3.0,LAST_VALUES
E8,2025-12-12,3.0,LAST_VALUES
E9,2000-01-31,0.3,FIRST_VALUES
E9,2000-02-01,0.3,FIRST_VALUES
E9,2000-02-02,0.3,FIRST_VALUES
E9,2000-02-03,0.3,FIRST_VALUES
E9,2000-02-04,0.3,FIRST_VALUES
E9,2025-12-08,0.2,LAST_VALUES
E9,2025-12-09,0.2,LAST_VALUES
E9,2025-12-10,0.2,LAST_VALUES
E9,2025-12-11,0.2,LAST_VALUES
E9,2025-12-12,0.2,LAST_VALUES
E10,2000-01-31,1.53867,FIRST_VALUES
E10,2000-02-01,1.53867,FIRST_VALUES
E10,2000-02-02,1.53867,FIRST_VALUES
E10,2000-02-03,1.53867,FIRST_VALUES
E10,2000-02-04,1.53867,FIRST_VALUES
E10,2025-12-08,2.82507,LAST_VALUES
E10,2025-12-09,2.82507,LAST_VALUES
E10,2025-12-10,2.82507,LAST_VALUES
E10,2025-12-11,2.82507,LAST_VALUES
E10,2025-12-12,2.82507,LAST_VALUES
E11,2000-01-31,2.5,FIRST_VALUES
E11,2000-02-01,2.5,FIRST_VALUES
E11,2000-02-02,2.5,FIRST_VALUES
E11,2000-02-03,2.5,FIRST_VALUES
E11,2000-02-04,2.5,FIRST_VALUES
E11,2025-12-08,3.3,LAST_VALUES
E11,2025-12-09,3.3,LAST_VALUES
E11,2025-12-10,3.3,LAST_VALUES
E11,2025-12-11,3.3,LAST_VALUES
E11,2025-12-12,3.3,LAST_VALUES
E12,2000-01-31,-0.7,FIRST_VALUES
E12,2000-02-01,-0.7,FIRST_VALUES
E12,2000-02-02,-0.7,FIRST_VALUES
E12,2000-02-03,-0.7,FIRST_VALUES
E12,2000-02-04,-0.7,FIRST_VALUES
E12,2025-12-08,0.2,LAST_VALUES
E12,2025-12-09,0.2,LAST_VALUES
E12,2025-12-10,0.2,LAST_VALUES
E12,2025-12-11,0.2,LAST_VALUES
E12,2025-12-12,0.2,LAST_VALUES
E13,2000-01-31,144.7,FIRST_VALUES
E13,2000-02-01,144.7,FIRST_VALUES
E13,2000-02-02,144.7,FIRST_VALUES
E13,2000-02-03,144.7,FIRST_VALUES
E13,2000-02-04,144.7,FIRST_VALUES
E13,2025-12-08,95.5,LAST_VALUES
E13,2025-12-09,95.5,LAST_VALUES
E13,2025-12-10,95.5,LAST_VALUES
E13,2025-12-11,95.5,LAST_VALUES
E13,2025-12-12,95.5,LAST_VALUES
E14,2000-01-31,112.0,FIRST_VALUES
E14,2000-02-01,112.0,FIRST_VALUES
E14,2000-02-02,112.0,FIRST_VALUES
E14,2000-02-03,112.0,FIRST_VALUES
E14,2000-02-04,112.0,FIRST_VALUES
E14,2025-12-08,53.6,LAST_VALUES
E14,2025-12-09,53.6,LAST_VALUES
E14,2025-12-10,53.6,LAST_VALUES
E14,2025-12-11,53.6,LAST_VALUES
E14,2025-12-12,53.6,LAST_VALUES
E15,2000-01-31,1636.0,FIRST_VALUES
E15,2000-02-01,1636.0,FIRST_VALUES
E15,2000-02-02,1636.0,FIRST_VALUES
E15,2000-02-03,1636.0,FIRST_VALUES
E15,2000-02-04,1636.0,FIRST_VALUES
E15,2025-12-08,1429.0,LAST_VALUES
E15,2025-12-09,1429.0,LAST_VALUES
E15,2025-12-10,1429.0,LAST_VALUES
E15,2025-12-11,1429.0,LAST_VALUES
E15,2025-12-12,1429.0,LAST_VALUES
E16,2000-01-31,5.23,FIRST_VALUES
E16,2000-02-01,5.23,FIRST_VALUES
E16,2000-02-02,5.23,FIRST_VALUES
E16,2000-02-03,5.23,FIRST_VALUES
E16,2000-02-04,5.23,FIRST_VALUES
E16,2025-12-08,4.1,LAST_VALUES
E16,2025-12-09,4.1,LAST_VALUES
E16,2025-12-10,4.1,LAST_VALUES
E16,2025-12-11,4.1,LAST_VALUES
E16,2025-12-12,4.1,LAST_VALUES
E17,2000-01-31,1727.0,FIRST_VALUES
E17,2000-02-01,1727.0,FIRST_VALUES
E17,2000-02-02,1727.0,FIRST_VALUES
E17,2000-02-03,1727.0,FIRST_VALUES
E17,2000-02-04,1727.0,FIRST_VALUES
E17,2025-12-08,1362.0,LAST_VALUES
E17,2025-12-09,1362.0,LAST_VALUES
E17,2025-12-10,1362.0,LAST_VALUES
E17,2025-12-11,1362.0,LAST_VALUES
E17,2025-12-12,1362.0,LAST_VALUES
E18,2000-01-31,85.9,FIRST_VALUES
E18,2000-02-01,85.9,FIRST_VALUES
E18,2000-02-02,85.9,FIRST_VALUES
E18,2000-02-03,85.9,FIRST_VALUES
E18,2000-02-04,85.9,FIRST_VALUES
E18,2025-12-08,98.3,LAST_VALUES
E18,2025-12-09,98.3,LAST_VALUES
E18,2025-12-10,98.3,LAST_VALUES
E18,2025-12-11,98.3,LAST_VALUES
E18,2025-12-12,98.3,LAST_VALUES
E20,2000-01-31,0.4,FIRST_VALUES
E20,2000-02-01,0.4,FIRST_VALUES
E20,2000-02-02,0.4,FIRST_VALUES
E20,2000-02-03,0.4,FIRST_VALUES
E20,2000-02-04,0.4,FIRST_VALUES
E20,2025-12-08,0.6,LAST_VALUES
E20,2025-12-09,0.6,LAST_VALUES
E20,2025-12-10,0.6,LAST_VALUES
E20,2025-12-11,0.6,LAST_VALUES
E20,2025-12-12,0.6,LAST_VALUES
I1,2000-01-03,5.411,FIRST_VALUES
I1,2000-01-04,5.447,FIRST_VALUES
I1,2000-01-05,5.425,FIRST_VALUES
I1,2000-01-06,5.383,FIRST_VALUES
I1,2000-01-07,5.38,FIRST_VALUES
I1,2025-12-08,3.6946,LAST_VALUES
I1,2025-12-09,3.702,LAST_VALUES
I1,2025-12-10,3.6655,LAST_VALUES
I1,2025-12-11,3.6419,LAST_VALUES
I1,2025-12-12,3.6072,LAST_VALUES
I2,2000-01-03,6.384,FIRST_VALUES
I2,2000-01-04,6.299,FIRST_VALUES
I2,2000-01-05,6.358,FIRST_VALUES
I2,2000-01-06,6.299,FIRST_VALUES
I2,2000-01-07,6.308,FIRST_VALUES
I2,2025-12-08,3.575,LAST_VALUES
I2,2025-12-09,3.6147,LAST_VALUES
I2,2025-12-10,3.5381,LAST_VALUES
I2,2025-12-11,3.5404,LAST_VALUES
I2,2025-12-12,3.5222,LAST_VALUES
I3,2000-01-03,6.502,FIRST_VALUES
I3,2000-01-04,6.398,FIRST_VALUES
I3,2000-01-05,6.483,FIRST_VALUES
I3,2000-01-06,6.418,FIRST_VALUES
I3,2000-01-07,6.411,FIRST_VALUES
I3,2025-12-08,3.7463,LAST_VALUES
I3,2025-12-09,3.7867,LAST_VALUES
I3,2025-12-10,3.7308,LAST_VALUES
I3,2025-12-11,3.7344,LAST_VALUES
I3,2025-12-12,3.7417,LAST_VALUES
I4,2000-01-03,6.592,FIRST_VALUES
I4,2000-01-04,6.497,FIRST_VALUES
I4,2000-01-05,6.594,FIRST_VALUES
I4,2000-01-06,6.524,FIRST_VALUES
I4,2000-01-07,6.515,FIRST_VALUES
I4,2025-12-08,4.1643,LAST_VALUES
I4,2025-12-09,4.1878,LAST_VALUES
I4,2025-12-10,4.1468,LAST_VALUES
I4,2025-12-11,4.1566,LAST_VALUES
I4,2025-12-12,4.1841,LAST_VALUES
I5,2000-01-03,6.622,FIRST_VALUES
I5,2000-01-04,6.537,FIRST_VALUES
I5,2000-01-05,6.621,FIRST_VALUES
I5,2000-01-06,6.553,FIRST_VALUES
I5,2000-01-07,6.546,FIRST_VALUES
I5,2025-12-08,4.8019,LAST_VALUES
I5,2025-12-09,4.808,LAST_VALUES
I5,2025-12-10,4.7868,LAST_VALUES
I5,2025-12-11,4.7999,LAST_VALUES
I5,2025-12-12,4.8445,LAST_VALUES
I6,2000-01-03,29.3,FIRST_VALUES
I6,2000-01-04,13.85,FIRST_VALUES
I6,2000-01-05,29.55,FIRST_VALUES
I6,2000-01-06,21.6,FIRST_VALUES
I6,2000-01-07,15.6,FIRST_VALUES
I6,2025-12-08,58.724,LAST_VALUES
I6,2025-12-09,56.9,LAST_VALUES
I6,2025-12-10,60.662,LAST_VALUES
I6,2025-12-11,61.414,LAST_VALUES
I6,2025-12-12,65.979,LAST_VALUES
I7,2000-01-03,114.5,FIRST_VALUES
I7,2000-01-04,107.15,FIRST_VALUES
I7,2000-01-05,121.15,FIRST_VALUES
I7,2000-01-06,114.35,FIRST_VALUES
I7,2000-01-07,112.55,FIRST_VALUES
I7,2025-12-08,45.945,LAST_VALUES
I7,2025-12-09,47.293,LAST_VALUES
I7,2025-12-10,46.588,LAST_VALUES
I7,2025-12-11,49.926,LAST_VALUES
I7,2025-12-12,56.134,LAST_VALUES
I8,2000-01-31,4.82,FIRST_VALUES
I8,2000-02-01,4.82,FIRST_VALUES
I8,2000-02-02,4.82,FIRST_VALUES
I8,2000-02-03,4.82,FIRST_VALUES
I8,2000-02-04,4.82,FIRST_VALUES
I8,2025-12-08,2.71,LAST_VALUES
I8,2025-12-09,2.71,LAST_VALUES
I8,2025-12-10,2.75,LAST_VALUES
I8,2025-12-11,2.71,LAST_VALUES
I8,2025-12-12,2.75,LAST_VALUES
I9,2000-01-31,1.15,FIRST_VALUES
I9,2000-02-01,1.15,FIRST_VALUES
I9,2000-02-02,1.15,FIRST_VALUES
I9,2000-02-03,1.15,FIRST_VALUES
I9,2000-02-04,1.15,FIRST_VALUES
I9,2025-12-08,0.77,LAST_VALUES
I9,2025-12-09,0.77,LAST_VALUES
I9,2025-12-10,0.76,LAST_VALUES
I9,2025-12-11,0.77,LAST_VALUES
I9,2025-12-12,0.78,LAST_VALUES
P1,2000-01-03,23.4995,FIRST_VALUES
P1,2000-01-04,22.5984,FIRST_VALUES
P1,2000-01-05,22.6418,FIRST_VALUES
P1,2000-01-06,22.6635,FIRST_VALUES
P1,2000-01-07,23.2775,FIRST_VALUES
P1,2025-12-08,27.2377,LAST_VALUES
P1,2025-12-09,27.2132,LAST_VALUES
P1,2025-12-10,27.4099,LAST_VALUES
P1,2025-12-11,27.5876,LAST_VALUES
P1,2025-12-12,27.2934,LAST_VALUES
P2,2000-01-03,4.767,FIRST_VALUES
P2,2000-01-04,4.5842,FIRST_VALUES
P2,2000-01-05,4.593,FIRST_VALUES
P2,2000-01-06,4.5974,FIRST_VALUES
P2,2000-01-07,4.722,FIRST_VALUES
P2,2025-12-08,5.4683,LAST_VALUES
P2,2025-12-09,5.4634,LAST_VALUES
P2,2025-12-10,5.5027,LAST_VALUES
P2,2025-12-11,5.511,LAST_VALUES
P2,2025-12-12,5.4523,LAST_VALUES
P4,2000-01-03,4.2554,FIRST_VALUES
P4,2000-01-04,4.4251,FIRST_VALUES
P4,2000-01-05,4.4166,FIRST_VALUES
P4,2000-01-06,4.4124,FIRST_VALUES
P4,2000-01-07,4.296,FIRST_VALUES
P4,2025-12-08,3.6714,LAST_VALUES
P4,2025-12-09,3.6747,LAST_VALUES
P4,2025-12-10,3.6483,LAST_VALUES
P4,2025-12-11,3.6248,LAST_VALUES
P4,2025-12-12,3.6639,LAST_VALUES
P5,2000-01-03,20.7308,FIRST_VALUES
P5,2000-01-04,19.9358,FIRST_VALUES
P5,2000-01-05,19.9738,FIRST_VALUES
P5,2000-01-06,19.9932,FIRST_VALUES
P5,2000-01-07,20.5033,FIRST_VALUES
P5,2025-12-08,25.7175,LAST_VALUES
P5,2025-12-09,25.695,LAST_VALUES
P5,2025-12-10,25.8712,LAST_VALUES
P5,2025-12-11,25.943,LAST_VALUES
P5,2025-12-12,25.6655,LAST_VALUES
P7,2000-05-26,59.3125,FIRST_VALUES
P7,2000-05-30,60.2188,FIRST_VALUES
P7,2000-05-31,60.6719,FIRST_VALUES
P7,2000-06-01,61.4219,FIRST_VALUES
P7,2000-06-02,62.2813,FIRST_VALUES
P7,2025-12-08,211.32,LAST_VALUES
P7,2025-12-09,211.1,LAST_VALUES
P7,2025-12-10,213.2,LAST_VALUES
P7,2025-12-11,214.47,LAST_VALUES
P7,2025-12-12,213.65,LAST_VALUES
P8,2000-05-26,20.2422,FIRST_VALUES
P8,2000-05-30,21.0977,FIRST_VALUES
P8,2000-05-31,21.0313,FIRST_VALUES
P8,2000-06-01,21.3438,FIRST_VALUES
P8,2000-06-02,22.0469,FIRST_VALUES
P8,2025-12-08,124.08,LAST_VALUES
P8,2025-12-09,124.04,LAST_VALUES
P8,2025-12-10,124.52,LAST_VALUES
P8,2025-12-11,124.42,LAST_VALUES
P8,2025-12-12,122.39,LAST_VALUES
P9,2004-11-18,44.38,FIRST_VALUES
P9,2004-11-19,44.78,FIRST_VALUES
P9,2004-11-22,44.95,FIRST_VALUES
P9,2004-11-23,44.75,FIRST_VALUES
P9,2004-11-24,45.05,FIRST_VALUES
P9,2025-12-08,385.42,LAST_VALUES
P9,2025-12-09,387.4,LAST_VALUES
P9,2025-12-10,389.05,LAST_VALUES
P9,2025-12-11,393.24,LAST_VALUES
P9,2025-12-12,395.44,LAST_VALUES
P10,2006-04-28,13.812,FIRST_VALUES
P10,2006-05-01,13.87,FIRST_VALUES
P10,2006-05-02,14.365,FIRST_VALUES
P10,2006-05-03,13.925,FIRST_VALUES
P10,2006-05-04,14.0,FIRST_VALUES
P10,2025-12-08,52.71,LAST_VALUES
P10,2025-12-09,55.17,LAST_VALUES
P10,2025-12-10,56.07,LAST_VALUES
P10,2025-12-11,57.62,LAST_VALUES
P10,2025-12-12,56.1,LAST_VALUES
P11,2006-02-03,24.5,FIRST_VALUES
P11,2006-02-06,24.2,FIRST_VALUES
P11,2006-02-07,23.5,FIRST_VALUES
P11,2006-02-08,23.4,FIRST_VALUES
P11,2006-02-09,23.62,FIRST_VALUES
P11,2025-12-08,23.04,LAST_VALUES
P11,2025-12-09,22.99,LAST_VALUES
P11,2025-12-10,23.13,LAST_VALUES
P11,2025-12-11,23.11,LAST_VALUES
P11,2025-12-12,22.92,LAST_VALUES
P12,2006-04-10,544.16,FIRST_VALUES
P12,2006-04-11,545.6,FIRST_VALUES
P12,2006-04-12,542.72,FIRST_VALUES
P12,2006-04-13,550.56,FIRST_VALUES
P12,2006-04-17,558.32,FIRST_VALUES
P12,2025-12-08,70.49,LAST_VALUES
P12,2025-12-09,69.86,LAST_VALUES
P12,2025-12-10,70.54,LAST_VALUES
P12,2025-12-11,69.25,LAST_VALUES
P12,2025-12-12,68.81,LAST_VALUES
P13,2007-04-18,6498.56,FIRST_VALUES
P13,2007-04-19,6471.68,FIRST_VALUES
P13,2007-04-20,6341.12,FIRST_VALUES
P13,2007-04-23,6528.0,FIRST_VALUES
P13,2007-04-24,6539.52,FIRST_VALUES
P13,2025-12-08,15.07,LAST_VALUES
P13,2025-12-09,14.1,LAST_VALUES
P13,2025-12-10,14.26,LAST_VALUES
P13,2025-12-11,13.08,LAST_VALUES
P13,2025-12-12,12.73,LAST_VALUES
V1,2000-01-03,24.21,FIRST_VALUES
V1,2000-01-04,27.01,FIRST_VALUES
V1,2000-01-05,26.41,FIRST_VALUES
V1,2000-01-06,25.73,FIRST_VALUES
V1,2000-01-07,21.72,FIRST_VALUES
V1,2025-12-08,16.66,LAST_VALUES
V1,2025-12-09,16.93,LAST_VALUES
V1,2025-12-10,15.77,LAST_VALUES
V1,2025-12-11,14.85,LAST_VALUES
V1,2025-12-12,15.74,LAST_VALUES
V2,2002-01-02,24.09,FIRST_VALUES
V2,2002-01-03,23.82,FIRST_VALUES
V2,2002-01-04,23.19,FIRST_VALUES
V2,2002-01-07,23.54,FIRST_VALUES
V2,2002-01-08,23.47,FIRST_VALUES
V2,2025-12-08,19.91,LAST_VALUES
V2,2025-12-09,20.08,LAST_VALUES
V2,2025-12-10,19.35,LAST_VALUES
V2,2025-12-11,19.05,LAST_VALUES
V2,2025-12-12,19.25,LAST_VALUES
V3,2008-01-02,24.36,FIRST_VALUES
V3,2008-01-03,23.75,FIRST_VALUES
V3,2008-01-04,24.5,FIRST_VALUES
V3,2008-01-07,24.22,FIRST_VALUES
V3,2008-01-08,25.18,FIRST_VALUES
V3,2025-12-08,22.16,LAST_VALUES
V3,2025-12-09,22.25,LAST_VALUES
V3,2025-12-10,21.68,LAST_VALUES
V3,2025-12-11,21.4,LAST_VALUES
V3,2025-12-12,21.62,LAST_VALUES
V4,2007-01-03,15.18,FIRST_VALUES
V4,2007-01-04,14.96,FIRST_VALUES
V4,2007-01-05,15.21,FIRST_VALUES
V4,2007-01-08,15.05,FIRST_VALUES
V4,2007-01-09,15.09,FIRST_VALUES
V4,2025-12-08,23.6,LAST_VALUES
V4,2025-12-09,23.69,LAST_VALUES
V4,2025-12-10,23.33,LAST_VALUES
V4,2025-12-11,23.15,LAST_VALUES
V4,2025-12-12,23.29,LAST_VALUES
V5,2006-03-06,71.73,FIRST_VALUES
V5,2006-03-07,71.73,FIRST_VALUES
V5,2006-03-08,71.73,FIRST_VALUES
V5,2006-03-09,71.73,FIRST_VALUES
V5,2006-03-10,71.73,FIRST_VALUES
V5,2025-12-08,97.35,LAST_VALUES
V5,2025-12-09,98.14,LAST_VALUES
V5,2025-12-10,99.11,LAST_VALUES
V5,2025-12-11,95.41,LAST_VALUES
V5,2025-12-12,97.33,LAST_VALUES
V6,2000-01-03,117.84,FIRST_VALUES
V6,2000-01-04,114.22,FIRST_VALUES
V6,2000-01-05,114.82,FIRST_VALUES
V6,2000-01-06,114.87,FIRST_VALUES
V6,2000-01-07,117.35,FIRST_VALUES
V6,2025-12-08,150.63,LAST_VALUES
V6,2025-12-09,150.32,LAST_VALUES
V6,2025-12-10,147.55,LAST_VALUES
V6,2025-12-11,148.32,LAST_VALUES
V6,2025-12-12,153.59,LAST_VALUES
V7,2004-03-26,20.32,FIRST_VALUES
V7,2004-03-29,19.8,FIRST_VALUES
V7,2004-03-30,19.62,FIRST_VALUES
V7,2004-03-31,19.75,FIRST_VALUES
V7,2004-04-01,19.62,FIRST_VALUES
V7,2025-12-08,17.6046,LAST_VALUES
V7,2025-12-09,17.609,LAST_VALUES
V7,2025-12-10,16.6644,LAST_VALUES
V7,2025-12-11,16.2564,LAST_VALUES
V7,2025-12-12,16.5715,LAST_VALUES
V8,2004-03-26,20.16,FIRST_VALUES
V8,2004-03-29,19.77,FIRST_VALUES
V8,2004-03-30,19.79,FIRST_VALUES
V8,2004-03-31,19.85,FIRST_VALUES
V8,2004-04-01,19.61,FIRST_VALUES
V8,2025-12-08,19.4845,LAST_VALUES
V8,2025-12-09,19.4999,LAST_VALUES
V8,2025-12-10,18.8164,LAST_VALUES
V8,2025-12-11,18.5716,LAST_VALUES
V8,2025-12-12,18.5508,LAST_VALUES
V9,2000-01-03,102.95,FIRST_VALUES
V9,2000-01-04,101.3,FIRST_VALUES
V9,2000-01-05,106.69,FIRST_VALUES
V9,2000-01-06,105.21,FIRST_VALUES
V9,2000-01-07,97.81,FIRST_VALUES
V9,2025-12-08,72.3,LAST_VALUES
V9,2025-12-09,75.38,LAST_VALUES
V9,2025-12-10,68.62,LAST_VALUES
V9,2025-12-11,69.24,LAST_VALUES
V9,2025-12-12,69.25,LAST_VALUES
V10,2001-08-29,10.29457,FIRST_VALUES
V10,2001-08-30,10.26294,FIRST_VALUES
V10,2001-08-31,10.263,FIRST_VALUES
V10,2001-09-04,10.38375,FIRST_VALUES
V10,2001-09-05,10.41195,FIRST_VALUES
V10,2025-12-08,6.67,LAST_VALUES
V10,2025-12-09,6.58,LAST_VALUES
V10,2025-12-10,6.57,LAST_VALUES
V10,2025-12-11,6.77,LAST_VALUES
V10,2025-12-12,6.77,LAST_VALUES
V11,2007-05-10,27.09,FIRST_VALUES
V11,2007-05-11,26.41,FIRST_VALUES
V11,2007-05-14,27.23,FIRST_VALUES
V11,2007-05-15,27.89,FIRST_VALUES
V11,2007-05-16,27.07,FIRST_VALUES
V11,2025-12-08,33.03,LAST_VALUES
V11,2025-12-09,30.82,LAST_VALUES
V11,2025-12-10,30.78,LAST_VALUES
V11,2025-12-11,31.88,LAST_VALUES
V11,2025-12-12,29.93,LAST_VALUES
V12,2008-06-03,22.89,FIRST_VALUES
V12,2008-06-04,22.69,FIRST_VALUES
V12,2008-06-05,22.78,FIRST_VALUES
V12,2008-06-06,23.6,FIRST_VALUES
V12,2008-06-09,24.47,FIRST_VALUES
V12,2025-12-08,19.58,LAST_VALUES
V12,2025-12-09,20.35,LAST_VALUES
V12,2025-12-10,20.2,LAST_VALUES
V12,2025-12-11,20.97,LAST_VALUES
V12,2025-12-12,21.46,LAST_VALUES
V13,2011-03-16,32.86,FIRST_VALUES
V13,2011-03-17,30.3,FIRST_VALUES
V13,2011-03-18,29.59,FIRST_VALUES
V13,2011-03-21,26.45,FIRST_VALUES
V13,2011-03-22,25.5,FIRST_VALUES
V13,2025-12-08,18.86,LAST_VALUES
V13,2025-12-09,19.87,LAST_VALUES
V13,2025-12-10,17.85,LAST_VALUES
V13,2025-12-11,17.6,LAST_VALUES
V13,2025-12-12,17.79,LAST_VALUES
S1,2000-01-03,0.34,FIRST_VALUES
S1,2000-01-04,0.42,FIRST_VALUES
S1,2000-01-05,0.4,FIRST_VALUES
S1,2000-01-06,0.39,FIRST_VALUES
S1,2000-01-07,0.43,FIRST_VALUES
S1,2025-12-08,0.65,LAST_VALUES
S1,2025-12-09,0.52,LAST_VALUES
S1,2025-12-10,0.59,LAST_VALUES
S1,2025-12-11,0.59,LAST_VALUES
S1,2025-12-12,0.57,LAST_VALUES
S4,2007-04-11,104.35,FIRST_VALUES
S4,2007-04-12,104.42,FIRST_VALUES
S4,2007-04-13,104.23,FIRST_VALUES
S4,2007-04-16,104.19,FIRST_VALUES
S4,2007-04-17,104.14,FIRST_VALUES
S4,2025-12-08,80.55,LAST_VALUES
S4,2025-12-09,80.46,LAST_VALUES
S4,2025-12-10,80.73,LAST_VALUES
S4,2025-12-11,80.72,LAST_VALUES
S4,2025-12-12,80.57,LAST_VALUES
S5,2002-07-26,102.15,FIRST_VALUES
S5,2002-07-29,101.35,FIRST_VALUES
S5,2002-07-30,101.37,FIRST_VALUES
S5,2002-07-31,101.99,FIRST_VALUES
S5,2002-08-01,102.99,FIRST_VALUES
S5,2025-12-08,110.63,LAST_VALUES
S5,2025-12-09,110.49,LAST_VALUES
S5,2025-12-10,111.0,LAST_VALUES
S5,2025-12-11,110.84,LAST_VALUES
S5,2025-12-12,110.17,LAST_VALUES
S6,2002-07-26,82.51,FIRST_VALUES
S6,2002-07-29,81.42,FIRST_VALUES
S6,2002-07-30,81.52,FIRST_VALUES
S6,2002-07-31,82.53,FIRST_VALUES
S6,2002-08-01,83.0,FIRST_VALUES
S6,2025-12-08,87.88,LAST_VALUES
S6,2025-12-09,87.97,LAST_VALUES
S6,2025-12-10,88.31,LAST_VALUES
S6,2025-12-11,88.19,LAST_VALUES
S6,2025-12-12,87.34,LAST_VALUES
S7,2002-07-26,82.79,FIRST_VALUES
S7,2002-07-29,81.82,FIRST_VALUES
S7,2002-07-30,81.77,FIRST_VALUES
S7,2002-07-31,82.52,FIRST_VALUES
S7,2002-08-01,82.86,FIRST_VALUES
S7,2025-12-08,96.27,LAST_VALUES
S7,2025-12-09,96.13,LAST_VALUES
S7,2025-12-10,96.44,LAST_VALUES
S7,2025-12-11,96.45,LAST_VALUES
S7,2025-12-12,96.19,LAST_VALUES
S8,2002-07-26,81.31,FIRST_VALUES
S8,2002-07-29,81.04,FIRST_VALUES
S8,2002-07-30,81.01,FIRST_VALUES
S8,2002-07-31,81.26,FIRST_VALUES
S8,2002-08-01,81.42,FIRST_VALUES
S8,2025-12-08,82.75,LAST_VALUES
S8,2025-12-09,82.71,LAST_VALUES
S8,2025-12-10,82.85,LAST_VALUES
S8,2025-12-11,82.86,LAST_VALUES
S8,2025-12-12,82.87,LAST_VALUES
S9,2001-08-17,42.0333,FIRST_VALUES
S9,2001-08-20,42.1167,FIRST_VALUES
S9,2001-08-21,42.0167,FIRST_VALUES
S9,2001-08-22,42.5333,FIRST_VALUES
S9,2001-08-23,42.3333,FIRST_VALUES
S9,2025-12-08,95.51,LAST_VALUES
S9,2025-12-09,95.38,LAST_VALUES
S9,2025-12-10,96.44,LAST_VALUES
S9,2025-12-11,97.01,LAST_VALUES
S9,2025-12-12,96.5,LAST_VALUES
S10,2003-04-11,11.0778,FIRST_VALUES
S10,2003-04-14,11.2222,FIRST_VALUES
S10,2003-04-15,11.3556,FIRST_VALUES
S10,2003-04-16,11.4867,FIRST_VALUES
S10,2003-04-17,11.5689,FIRST_VALUES
S10,2025-12-08,54.62,LAST_VALUES
S10,2025-12-09,54.53,LAST_VALUES
S10,2025-12-10,55.14,LAST_VALUES
S10,2025-12-11,54.88,LAST_VALUES
S10,2025-12-12,54.24,LAST_VALUES
S11,2004-10-08,17.8867,FIRST_VALUES
S11,2004-10-11,18.11,FIRST_VALUES
S11,2004-10-12,17.9,FIRST_VALUES
S11,2004-10-13,17.44,FIRST_VALUES
S11,2004-10-14,17.2067,FIRST_VALUES
S11,2025-12-08,39.47,LAST_VALUES
S11,2025-12-09,38.82,LAST_VALUES
S11,2025-12-10,39.09,LAST_VALUES
S11,2025-12-11,39.19,LAST_VALUES
S11,2025-12-12,39.08,LAST_VALUES
S12,2000-01-03,100.22,FIRST_VALUES
S12,2000-01-04,100.41,FIRST_VALUES
S12,2000-01-05,100.38,FIRST_VALUES
S12,2000-01-06,100.48,FIRST_VALUES
S12,2000-01-07,100.72,FIRST_VALUES
S12,2025-12-08,99.087,LAST_VALUES
S12,2025-12-09,99.22,LAST_VALUES
S12,2025-12-10,98.786,LAST_VALUES
S12,2025-12-11,98.346,LAST_VALUES
S12,2025-12-12,98.399,LAST_VALUES
I10,2000-01-03,6.384,FIRST_VALUES
I10,2000-01-04,6.299,FIRST_VALUES
I10,2000-01-05,6.358,FIRST_VALUES
I10,2000-01-06,6.299,FIRST_VALUES
I10,2000-01-07,6.308,FIRST_VALUES
I10,2025-12-08,3.575,LAST_VALUES
I10,2025-12-09,3.6147,LAST_VALUES
I10,2025-12-10,3.5381,LAST_VALUES
I10,2025-12-11,3.5404,LAST_VALUES
I10,2025-12-12,3.5222,LAST_VALUES
I11,2000-01-03,29.3,FIRST_VALUES
I11,2000-01-04,13.85,FIRST_VALUES
I11,2000-01-05,29.55,FIRST_VALUES
I11,2000-01-06,21.6,FIRST_VALUES
I11,2000-01-07,15.6,FIRST_VALUES
I11,2025-12-08,58.724,LAST_VALUES
I11,2025-12-09,56.9,LAST_VALUES
I11,2025-12-10,60.662,LAST_VALUES
I11,2025-12-11,61.414,LAST_VALUES
I11,2025-12-12,65.979,LAST_VALUES
I12,2000-01-03,114.5,FIRST_VALUES
I12,2000-01-04,107.15,FIRST_VALUES
I12,2000-01-05,121.15,FIRST_VALUES
I12,2000-01-06,114.35,FIRST_VALUES
I12,2000-01-07,112.55,FIRST_VALUES
I12,2025-12-08,45.945,LAST_VALUES
I12,2025-12-09,47.293,LAST_VALUES
I12,2025-12-10,46.588,LAST_VALUES
I12,2025-12-11,49.926,LAST_VALUES
I12,2025-12-12,56.134,LAST_VALUES
I13,2000-01-04,6.0425,FIRST_VALUES
I13,2000-01-05,6.03,FIRST_VALUES
I13,2000-01-06,6.03,FIRST_VALUES
I13,2000-01-07,6.03,FIRST_VALUES
I13,2000-01-10,6.02625,FIRST_VALUES
I13,2024-09-24,4.92044,LAST_VALUES
I13,2024-09-25,4.90478,LAST_VALUES
I13,2024-09-26,4.86528,LAST_VALUES
I13,2024-09-27,4.85496,LAST_VALUES
I13,2024-09-30,4.85372,LAST_VALUES
I14,2009-09-30,3.4593,FIRST_VALUES
I14,2009-10-01,3.3305,FIRST_VALUES
I14,2009-10-02,3.382,FIRST_VALUES
I14,2009-10-05,3.3928,FIRST_VALUES
I14,2009-10-06,3.4353,FIRST_VALUES
I14,2023-06-26,3.758,LAST_VALUES
I14,2023-06-27,3.7933,LAST_VALUES
I14,2023-06-28,3.735,LAST_VALUES
I14,2023-06-29,3.856,LAST_VALUES
I14,2023-06-30,3.8605,LAST_VALUES
I15,2011-09-09,132.25,FIRST_VALUES
I15,2011-09-12,135.75,FIRST_VALUES
I15,2011-09-13,132.25,FIRST_VALUES
I15,2011-09-14,129.75,FIRST_VALUES
I15,2011-09-15,125.75,FIRST_VALUES
I15,2025-12-08,50.775,LAST_VALUES
I15,2025-12-09,51.092,LAST_VALUES
I15,2025-12-10,49.92,LAST_VALUES
I15,2025-12-11,49.798,LAST_VALUES
I15,2025-12-12,50.774,LAST_VALUES
I16,2011-09-09,92.0,FIRST_VALUES
I16,2011-09-12,91.313,FIRST_VALUES
I16,2011-09-13,92.375,FIRST_VALUES
I16,2011-09-14,93.0,FIRST_VALUES
I16,2011-09-15,94.0,FIRST_VALUES
I16,2025-12-08,107.534,LAST_VALUES
I16,2025-12-09,107.409,LAST_VALUES
I16,2025-12-10,107.716,LAST_VALUES
I16,2025-12-11,107.738,LAST_VALUES
I16,2025-12-12,107.572,LAST_VALUES
I17,2000-01-03,548.29,FIRST_VALUES
I17,2000-01-04,547.66,FIRST_VALUES
I17,2000-01-05,546.83,FIRST_VALUES
I17,2000-01-06,547.01,FIRST_VALUES
I17,2000-01-07,546.73,FIRST_VALUES
I17,2025-12-08,2898.06,LAST_VALUES
I17,2025-12-09,2896.54,LAST_VALUES
I17,2025-12-10,2897.8,LAST_VALUES
I17,2025-12-11,2900.56,LAST_VALUES
I17,2025-12-12,2897.76,LAST_VALUES
I18,2000-01-31,4.82,FIRST_VALUES
I18,2000-02-29,4.97,FIRST_VALUES
I18,2000-03-31,5.79,FIRST_VALUES
I18,2000-04-28,5.84,FIRST_VALUES
I18,2000-05-31,6.07,FIRST_VALUES
I18,2025-12-08,2.71,LAST_VALUES
I18,2025-12-09,2.71,LAST_VALUES
I18,2025-12-10,2.75,LAST_VALUES
I18,2025-12-11,2.71,LAST_VALUES
I18,2025-12-12,2.75,LAST_VALUES
I19,2000-01-03,993.01,FIRST_VALUES
I19,2000-01-04,997.38,FIRST_VALUES
I19,2000-01-05,992.11,FIRST_VALUES
I19,2000-01-06,995.14,FIRST_VALUES
I19,2000-01-07,998.03,FIRST_VALUES
I19,2025-12-08,3532.09,LAST_VALUES
I19,2025-12-09,3528.91,LAST_VALUES
I19,2025-12-10,3540.34,LAST_VALUES
I19,2025-12-11,3539.3,LAST_VALUES
I19,2025-12-12,3524.87,LAST_VALUES
I20,2002-07-26,102.15,FIRST_VALUES
I20,2002-07-29,101.35,FIRST_VALUES
I20,2002-07-30,101.37,FIRST_VALUES
I20,2002-07-31,101.99,FIRST_VALUES
I20,2002-08-01,102.99,FIRST_VALUES
I20,2025-12-08,110.63,LAST_VALUES
I20,2025-12-09,110.49,LAST_VALUES
I20,2025-12-10,111.0,LAST_VALUES
I20,2025-12-11,110.84,LAST_VALUES
I20,2025-12-12,110.17,LAST_VALUES
