date,SPY US Equity (PX_LAST),VIX Index,USGG10YR Index,CL1 Comdty (WTI Oil),XAU Curncy (Gold Spot),DXY Curncy
2025-11-03,683.34,17.17,4.1104,61.05,4001.42,99.873
2025-11-04,675.24,19.0,4.0852,60.56,3932.09,100.224
2025-11-05,677.58,18.01,4.1591,59.6,3979.57,100.204
2025-11-06,670.31,19.5,4.0831,59.43,3977.21,99.733
2025-11-07,670.97,19.08,4.0966,59.75,4001.26,99.603
2025-11-10,681.44,17.6,4.116,60.13,4115.76,99.589
2025-11-11,683.0,17.28,4.116,61.04,4126.85,99.443
2025-11-12,683.38,17.51,4.0693,58.49,4195.39,99.495
2025-11-13,672.04,20.0,4.1192,58.69,4171.52,99.156
2025-11-14,671.93,19.83,4.1483,60.09,4084.06,99.299
2025-11-17,665.67,22.38,4.1386,59.91,4044.96,99.588
2025-11-18,660.08,24.69,4.1134,60.74,4067.24,99.55
2025-11-19,662.63,23.66,4.1367,59.44,4077.98,100.228
2025-11-20,652.53,26.42,4.0845,59.14,4077.19,100.158
2025-11-21,659.03,23.43,4.0633,58.06,4065.14,100.18
2025-11-24,668.73,20.52,4.0248,58.84,4136.31,100.142
2025-11-25,675.02,18.56,3.996,57.95,4130.69,99.664
2025-11-26,679.68,17.19,3.9941,58.65,4162.15,99.595
2025-11-27,,,,,4157.61,
2025-11-28,683.39,16.35,4.0132,58.55,4239.43,99.459
2025-12-01,680.27,17.24,4.0865,59.32,4232.21,99.414
2025-12-02,681.53,16.59,4.0865,58.64,4205.85,99.357
2025-12-03,683.89,16.08,4.0633,58.95,4203.08,98.854
2025-12-04,684.39,15.78,4.0981,59.67,4207.62,98.989
2025-12-05,685.69,15.41,4.1351,60.08,4197.78,98.992
2025-12-08,683.63,16.66,4.1643,58.88,4190.66,99.087
2025-12-09,683.04,16.93,4.1878,58.25,4208.24,99.22
2025-12-10,687.57,15.77,4.1468,58.46,4228.84,98.786
2025-12-11,689.17,14.85,4.1566,57.6,4280.18,98.346
2025-12-12,681.76,15.74,4.1841,57.44,4299.63,98.399
