date,SPY US Equity (CLOSE),SPY US Equity (OPEN),SPY US Equity (HIGH),SPY US Equity (LOW),SPY US Equity (VOLUME),BIL US Equity (Risk Free),SPY US Equity,QQQ US Equity,IWM US Equity,EFA US Equity,EEM US Equity,VGK US Equity,EWJ US Equity,FXI US Equity,DXY Curncy,EURUSD Curncy,USDJPY Curncy,FNERTR Index,XLF US Equity,XLK US Equity,XLE US Equity,XLV US Equity,XLI US Equity,XLU US Equity,GDP CQOQ Index,NAPMPMI Index,CONSSENT Index,NFP TCH Index,USURTOT Index,CPI YOY Index,PCE CRCH Index,RSTAMOM Index,LEI TOTL Index,INJCJC Index,NHSPSTOT Index,IP CHNG Index,CONCCONF Index,NAPMNMI Index,Extra E15,ETSLTOTL Index,GDP CYOY Index,CPTICHNG Index,PITLCHNG Index,FDTR Index,GB3 Govt,GB6 Govt,GB12 Govt,GT2 Govt,GT5 Govt,GT10 Govt,GT30 Govt,USGG10YR Index,CL1 Comdty,HO1 Comdty,GC1 Comdty,SI1 Comdty,GLD US Equity,SLV US Equity,USO US Equity,DBC US Equity,DBA US Equity,BCOMTR Index,GSCITR Index,VIX Index,VIX3M Index,VIX1M Index,VXV Index,VXEEM Index,VXEFA Index,GVZ Index,OVX Index,TYVIX Index,MOVE Index,CVIX Index,VIY1 Index,V2X Index,AAII BULLISH Index,PUT Index,NYHL Index,TICK Index,TRIN Index,ADD Index,MCCL Index,MCSU Index,SRVOL Index,PCUSEQUI Index,USGG2YR Index,USYC2Y10 Index,USYC3M10 Index,US0003M Index,USSWAP10 Index,CDX IG CDSI GEN 5Y,CDX HY CDSI GEN 5Y,LF98TRUU Index,LF98OAS Index,LUACTRUU Index,LQD US Equity
2025-12-01,680.27,678.81,682.99,678.74,61201193.0,4.0,48.7,52.4,52.89,143.175,45.66,155.29,151.44,118.3,79.29,44.255,44.59,41.09,245.62,208.55,474.84,602.2,473.32,617.17,3.8,0.1,49.0,4.4,119.0,192.0,1838.0,3.0,0.2,2.82507,3.3,0.2,95.5,53.6,1429.0,4.1,1362.0,98.3,0.6,3.7668,3.5304,3.6639,4.0865,4.7368,55.406,30.938,2.74,0.8,27.0773,5.4406,3.6931,25.574,211.31,122.98,389.75,52.52,23.12,71.06,15.21,17.24,20.22,22.45,23.94,93.76,144.86,18.3442,19.8539,71.35,6.86,35.82,23.34,19.78,0.59,80.47,110.85,88.77,96.69,82.76,94.72,54.28,39.64,99.414,3.5304,55.406,30.938,,,51.267,107.424,2893.53,2.74,3535.99,110.85
2025-12-02,681.53,681.92,683.82,679.3275,62953844.0,4.0,48.7,52.4,52.84,144.65,45.07,154.36,152.76,118.22,78.77,43.94,44.185,40.99,245.17,208.43,476.93,600.02,475.26,622.0,3.8,0.1,49.0,4.4,119.0,192.0,1838.0,3.0,0.2,2.82507,3.3,0.2,95.5,53.6,1429.0,4.1,1362.0,98.3,0.6,3.7407,3.508,3.6553,4.0865,4.7457,57.441,32.254,2.72,0.79,27.1468,5.4536,3.6837,25.6414,211.43,123.37,387.24,53.13,23.02,70.2,14.96,16.59,19.84,22.2,23.67,91.71,144.94,17.9472,19.5901,69.91,6.73,35.89,22.49,19.37,0.54,80.62,110.92,88.81,96.77,82.81,95.04,54.3,39.49,99.357,3.508,57.441,32.254,,,51.045,107.483,2896.31,2.72,3540.89,110.92
2025-12-03,683.89,680.57,684.91,679.69,57238481.0,4.0,48.7,52.4,53.55,144.995,45.915,155.08,154.21,119.495,78.83,43.8,44.495,41.07,249.63,210.33,476.48,604.19,479.41,623.52,3.8,0.1,49.0,4.4,119.0,192.0,1838.0,3.0,0.2,2.82507,3.3,0.2,95.5,53.6,1429.0,4.1,1362.0,98.3,0.6,3.7042,3.4835,3.6294,4.0633,4.7308,57.572,34.622,2.69,0.79,27.2367,5.4707,3.6715,25.7283,212.51,123.6,386.88,53.07,23.13,70.66,15.47,16.08,19.71,22.1,23.65,92.39,149.23,17.7946,19.5796,66.46,6.69,33.72,21.96,18.93,0.58,80.69,111.17,89.06,96.97,82.86,95.55,54.34,39.21,98.854,3.4835,57.572,34.622,,,51.025,107.528,2901.26,2.69,3546.22,111.17
2025-12-04,684.39,685.3,685.37,681.34,61970336.0,4.0,48.7,52.4,53.66,145.535,46.11,153.9,155.01,119.07,78.45,43.71,44.235,41.0,251.82,210.24,477.43,607.15,479.07,622.94,3.8,0.1,49.0,4.4,119.0,192.0,1838.0,3.0,0.2,2.82507,3.3,0.2,95.5,53.6,1429.0,4.1,1362.0,98.3,0.6,3.7012,3.5226,3.6728,4.0981,4.7547,57.342,38.659,2.67,0.78,27.28,5.4767,3.6657,25.7565,212.17,124.11,387.13,51.76,23.19,71.39,15.66,15.78,19.49,21.93,23.55,91.28,148.91,17.5422,19.4156,65.69,6.66,33.3,20.57,18.9,0.5,80.75,110.97,88.58,96.67,82.8,95.81,54.33,39.31,98.989,3.5226,57.342,38.659,,,50.783,107.625,2901.17,2.67,3540.48,110.97
2025-12-05,685.69,685.47,688.39,684.58,79241045.0,4.0,48.7,52.4,53.68,146.6,45.92,153.26,154.58,119.73,78.46,43.3,44.09,40.99,250.77,210.47,478.8,607.38,480.03,625.48,3.8,0.1,49.0,4.4,119.0,236.0,1838.0,3.0,0.2,2.82507,3.3,0.2,95.5,53.6,1429.0,4.1,1362.0,98.3,0.6,3.6949,3.5603,3.7113,4.1351,4.7918,57.269,42.724,2.64,0.77,27.3328,5.4873,3.6586,25.8042,211.96,124.5,386.44,52.95,23.33,71.92,16.37,15.41,19.27,21.71,23.36,90.65,148.83,17.2631,19.2329,67.28,6.56,32.06,19.92,19.17,0.43,80.75,110.86,88.17,96.47,82.77,95.81,54.74,39.89,98.992,3.5603,57.269,42.724,,,50.506,107.659,2901.45,2.64,3535.54,110.86
2025-12-08,683.63,686.59,686.64,681.57,55231462.0,4.0,48.7,52.4,53.48,147.63,45.42,151.43,154.39,117.99,77.81,42.72,43.48,40.74,250.87,209.13,478.53,604.34,478.15,624.28,3.8,0.1,49.0,4.4,119.0,236.0,1838.0,3.0,0.2,2.82507,3.3,0.2,95.5,53.6,1429.0,4.1,1362.0,98.3,0.6,3.6946,3.575,3.7463,4.1643,4.8019,58.724,45.945,2.71,0.77,27.2377,5.4683,3.6714,25.7175,211.32,124.08,385.42,52.71,23.04,70.49,15.07,16.66,19.91,22.16,23.6,97.35,150.63,17.6046,19.4845,72.3,6.67,33.03,19.58,18.86,0.65,80.55,110.63,87.88,96.27,82.75,95.51,54.62,39.47,99.087,3.575,58.724,45.945,,,50.775,107.534,2898.06,2.71,3532.09,110.63
2025-12-09,683.04,683.15,685.385,682.59,58310055.0,4.0,48.7,52.4,53.28,148.02,45.7,149.96,153.26,117.98,77.99,42.75,43.39,40.5,251.39,208.64,478.49,603.9,476.42,625.05,3.8,0.1,49.0,4.4,119.0,236.0,1838.0,3.0,0.2,2.82507,3.3,0.2,95.5,53.6,1429.0,4.1,1362.0,98.3,0.6,3.702,3.6147,3.7867,4.1878,4.808,56.9,47.293,2.71,0.77,27.2132,5.4634,3.6747,25.695,211.1,124.04,387.4,55.17,22.99,69.86,14.1,16.93,20.08,22.25,23.69,98.14,150.32,17.609,19.4999,75.38,6.58,30.82,20.35,19.87,0.52,80.46,110.49,87.97,96.13,82.71,95.38,54.53,38.82,99.22,3.6147,56.9,47.293,,,51.092,107.409,2896.54,2.71,3528.91,110.49
2025-12-10,687.57,682.56,688.97,681.31,85671334.0,3.75,48.7,52.4,53.89,148.73,46.18,152.14,156.06,119.71,78.22,42.73,44.24,40.58,254.81,211.49,479.27,615.37,481.35,627.61,3.8,0.1,49.0,4.4,119.0,236.0,1838.0,3.0,0.2,2.82507,3.3,0.2,95.5,53.6,1429.0,4.1,1362.0,98.3,0.6,3.6655,3.5381,3.7308,4.1468,4.7868,60.662,46.588,2.75,0.76,27.4099,5.5027,3.6483,25.8712,213.2,124.52,389.05,56.07,23.13,70.54,14.26,15.77,19.35,21.68,23.33,99.11,147.55,16.6644,18.8164,68.62,6.57,30.78,20.2,17.85,0.59,80.73,111.0,88.31,96.44,82.85,96.44,55.14,39.09,98.786,3.5381,60.662,46.588,,,49.92,107.716,2897.8,2.75,3540.34,111.0
2025-12-11,689.17,685.14,689.25,682.165,86173678.0,3.75,48.7,52.4,54.87,147.97,45.96,153.58,157.73,120.18,78.8,43.04,45.12,40.8,257.8,212.85,479.0,621.24,487.87,625.58,3.8,0.1,49.0,4.4,119.0,236.0,1838.0,3.0,0.2,2.82507,3.3,0.2,95.5,53.6,1429.0,4.1,1362.0,98.3,0.6,3.6419,3.5404,3.7344,4.1566,4.7999,61.414,49.926,2.71,0.77,27.5876,5.511,3.6248,25.943,214.47,124.42,393.24,57.62,23.11,69.25,13.08,14.85,19.05,21.4,23.15,95.41,148.32,16.2564,18.5716,69.24,6.77,31.88,20.97,17.6,0.59,80.72,110.84,88.19,96.45,82.86,97.01,54.88,39.19,98.346,3.5404,61.414,49.926,,,49.798,107.738,2900.56,2.71,3539.3,110.84
2025-12-12,681.76,688.17,688.88,679.1744,113160347.0,3.75,48.7,52.4,54.95,143.69,45.51,154.06,156.74,120.7,79.42,42.83,45.15,40.75,253.85,211.79,471.36,613.11,485.4,613.62,3.8,0.1,49.0,4.4,119.0,236.0,1838.0,3.0,0.2,2.82507,3.3,0.2,95.5,53.6,1429.0,4.1,1362.0,98.3,0.6,3.6072,3.5222,3.7417,4.1841,4.8445,65.979,56.134,2.75,0.78,27.2934,5.4523,3.6639,25.6655,213.65,122.39,395.44,56.1,22.92,68.81,12.73,15.74,19.25,21.62,23.29,97.33,153.59,16.5715,18.5508,69.25,6.77,29.93,21.46,17.79,0.57,80.57,110.17,87.34,96.19,82.87,96.5,54.24,39.08,98.399,3.5222,65.979,56.134,,,50.774,107.572,2897.76,2.75,3524.87,110.17
