Codigo,Ticker_Bloomberg,Cobertura_%,Primera_Fecha,Ultimo_Fecha,Primer_Valor,Ultimo_Valor
M1,SPY US Equity,99.7,2000-01-31,2025-12-12,56.7,48.7
M2,QQQ US Equity,99.7,2000-01-31,2025-12-12,56.6,52.4
M3,IWM US Equity,100.0,2000-01-03,2025-12-12,18.5749,54.95
M4,EFA US Equity,100.0,2000-01-03,2025-12-12,27.7188,143.69
M5,EEM US Equity,100.0,2000-01-03,2025-12-12,13.2813,45.51
M6,VGK US Equity,100.0,2000-01-03,2025-12-12,30.2969,154.06
M7,EWJ US Equity,100.0,2000-01-03,2025-12-12,28.8438,156.74
M8,FXI US Equity,100.0,2000-01-03,2025-12-12,15.0625,120.7
M9,DXY Curncy,100.0,2000-01-03,2025-12-12,22.75,79.42
M10,EURUSD Curncy,100.0,2000-01-03,2025-12-12,13.7266,42.83
M11,USDJPY Curncy,100.0,2000-01-03,2025-12-12,12.9844,45.15
M12,FNERTR Index,39.2,2015-10-08,2025-12-12,30.21,40.75
M13,XLF US Equity,98.5,2000-05-26,2025-12-12,45.7188,253.85
M14,XLK US Equity,98.5,2000-05-26,2025-12-12,55.5,211.79
M15,XLE US Equity,98.5,2000-05-26,2025-12-12,78.1406,471.36
M16,XLV US Equity,100.0,2000-01-03,2025-12-12,80.0938,613.11
M17,XLI US Equity,100.0,2000-01-03,2025-12-12,113.5,485.4
M18,XLU US Equity,100.0,2000-01-03,2025-12-12,94.75,613.62
E1,GDP CQOQ Index,99.1,2000-03-31,2025-12-12,1.5,3.8
E2,NAPMPMI Index,99.7,2000-01-31,2025-12-12,-0.14,0.1
E3,CONSSENT Index,80.5,2005-01-31,2025-12-12,54.7,49.0
E4,NFP TCH Index,99.7,2000-01-31,2025-12-12,4.0,4.4
E5,USURTOT Index,99.7,2000-01-31,2025-12-12,228.0,119.0
E6,CPI YOY Index,99.9,2000-01-07,2025-12-12,298.0,236.0
E7,PCE CRCH Index,99.9,2000-01-07,2025-12-12,2107.0,1838.0
E8,RSTAMOM Index,99.7,2000-01-31,2025-12-12,2.7,3.0
E9,LEI TOTL Index,99.7,2000-01-31,2025-12-12,0.3,0.2
E10,INJCJC Index,99.7,2000-01-31,2025-12-12,1.53867,2.82507
E11,NHSPSTOT Index,99.7,2000-01-31,2025-12-12,2.5,3.3
E12,IP CHNG Index,99.7,2000-01-31,2025-12-12,-0.7,0.2
E13,CONCCONF Index,99.7,2000-01-31,2025-12-12,144.7,95.5
E14,NAPMNMI Index,99.7,2000-01-31,2025-12-12,112.0,53.6
E15,Extra E15,99.7,2000-01-31,2025-12-12,1636.0,1429.0
E16,ETSLTOTL Index,99.7,2000-01-31,2025-12-12,5.23,4.1
E17,GDP CYOY Index,99.7,2000-01-31,2025-12-12,1727.0,1362.0
E18,CPTICHNG Index,99.7,2000-01-31,2025-12-12,85.9,98.3
E20,PITLCHNG Index,99.7,2000-01-31,2025-12-12,0.4,0.6
I1,FDTR Index,100.0,2000-01-03,2025-12-12,5.411,3.6072
I2,GB3 Govt,100.0,2000-01-03,2025-12-12,6.384,3.5222
I3,GB6 Govt,100.0,2000-01-03,2025-12-12,6.502,3.7417
I4,GB12 Govt,100.0,2000-01-03,2025-12-12,6.592,4.1841
I5,GT2 Govt,100.0,2000-01-03,2025-12-12,6.622,4.8445
I6,GT5 Govt,100.0,2000-01-03,2025-12-12,29.3,65.979
I7,GT10 Govt,100.0,2000-01-03,2025-12-12,114.5,56.134
I8,GT30 Govt,99.7,2000-01-31,2025-12-12,4.82,2.75
I9,USGG10YR Index,99.7,2000-01-31,2025-12-12,1.15,0.78
I10,USGG2YR Index,100.0,2000-01-03,2025-12-12,6.384,3.5222
I11,USYC2Y10 Index,99.9,2000-01-03,2025-12-12,29.3,65.979
I12,USYC3M10 Index,99.9,2000-01-03,2025-12-12,114.5,56.134
I13,US0003M Index,93.6,2000-01-04,2024-09-30,6.0425,4.85372
I14,USSWAP10 Index,53.0,2009-09-30,2023-06-30,3.4593,3.8605
I15,CDX IG CDSI GEN 5Y,54.5,2011-09-09,2025-12-12,132.25,50.774
I16,CDX HY CDSI GEN 5Y,54.4,2011-09-09,2025-12-12,92.0,107.572
I17,LF98TRUU Index,99.3,2000-01-03,2025-12-12,548.29,2897.76
I18,LF98OAS Index,97.0,2000-01-31,2025-12-12,4.82,2.75
I19,LUACTRUU Index,99.3,2000-01-03,2025-12-12,993.01,3524.87
I20,LQD US Equity,90.2,2002-07-26,2025-12-12,102.15,110.17
P1,CL1 Comdty,100.0,2000-01-03,2025-12-12,23.4995,27.2934
P2,HO1 Comdty,100.0,2000-01-03,2025-12-12,4.767,5.4523
P4,GC1 Comdty,100.0,2000-01-03,2025-12-12,4.2554,3.6639
P5,SI1 Comdty,100.0,2000-01-03,2025-12-12,20.7308,25.6655
P7,GLD US Equity,98.5,2000-05-26,2025-12-12,59.3125,213.65
P8,SLV US Equity,98.5,2000-05-26,2025-12-12,20.2422,122.39
P9,USO US Equity,81.2,2004-11-18,2025-12-12,44.38,395.44
P10,DBC US Equity,75.7,2006-04-28,2025-12-12,13.812,56.1
P11,DBA US Equity,76.6,2006-02-03,2025-12-12,24.5,22.92
P12,BCOMTR Index,75.9,2006-04-10,2025-12-12,544.16,68.81
P13,GSCITR Index,71.9,2007-04-18,2025-12-12,6498.56,12.73
V1,VIX Index,100.0,2000-01-03,2025-12-12,24.21,15.74
V2,VIX3M Index,92.3,2002-01-02,2025-12-12,24.09,19.25
V3,VIX1M Index,69.2,2008-01-02,2025-12-12,24.36,21.62
V4,VXV Index,73.1,2007-01-03,2025-12-12,15.18,23.29
V5,VXEEM Index,76.3,2006-03-06,2025-12-12,71.73,97.33
V6,VXEFA Index,100.0,2000-01-03,2025-12-12,117.84,153.59
V7,GVZ Index,83.7,2004-03-26,2025-12-12,20.32,16.5715
V8,OVX Index,83.7,2004-03-26,2025-12-12,20.16,18.5508
V9,TYVIX Index,100.0,2000-01-03,2025-12-12,102.95,69.25
V10,MOVE Index,93.6,2001-08-29,2025-12-12,10.29457,6.77
V11,CVIX Index,71.7,2007-05-10,2025-12-12,27.09,29.93
V12,VIY1 Index,67.6,2008-06-03,2025-12-12,22.89,21.46
V13,V2X Index,56.8,2011-03-16,2025-12-12,32.86,17.79
S1,AAII BULLISH Index,100.0,2000-01-03,2025-12-12,0.34,0.57
S4,PUT Index,72.0,2007-04-11,2025-12-12,104.35,80.57
S5,NYHL Index,90.2,2002-07-26,2025-12-12,102.15,110.17
S6,TICK Index,90.2,2002-07-26,2025-12-12,82.51,87.34
S7,TRIN Index,90.2,2002-07-26,2025-12-12,82.79,96.19
S8,ADD Index,90.2,2002-07-26,2025-12-12,81.31,82.87
S9,MCCL Index,93.7,2001-08-17,2025-12-12,42.0333,96.5
S10,MCSU Index,87.4,2003-04-11,2025-12-12,11.0778,54.24
S11,SRVOL Index,81.7,2004-10-08,2025-12-12,17.8867,39.08
S12,PCUSEQUI Index,100.0,2000-01-03,2025-12-12,100.22,98.399
SPY_CLOSE,SPY US Equity (CLOSE),100.0,2000-01-03,2025-12-12,145.4375,681.76
SPY_OPEN,SPY US Equity (OPEN),100.0,2000-01-03,2025-12-12,148.25,688.17
SPY_HIGH,SPY US Equity (HIGH),100.0,2000-01-03,2025-12-12,148.25,688.88
SPY_LOW,SPY US Equity (LOW),100.0,2000-01-03,2025-12-12,143.875,679.1744
SPY_VOLUME,SPY US Equity (VOLUME),100.0,2000-01-03,2025-12-12,8164300.0,113160347.0
RISK_FREE,BIL US Equity (Risk Free),100.0,2000-01-03,2025-12-12,5.5,3.75
