feature,importance_mean,importance_std
SPY_dist_MA_10,0.00698291523056529,0.0014573411162405025
E8_lag21,0.004614374773908603,0.0009439649879917693
vol_risk_premium,0.002089152588620147,0.0009769196841484472
SPY_momentum_10,0.0016889133169376124,0.00032443785245886235
E8_lag63,0.001342827545657399,0.0009728805350615098
SPY_PLUS_DI,0.0010505372487795484,0.0006398018077072259
TS_COMBINED_STRENGTH,0.0008395200313004337,0.0001227670444711897
D_BULL_POWER,0.0006770546300508773,0.0003361369919554798
W_MACD_SIGNAL,0.0005999896406267968,0.0002661113784481801
I8_zscore_10,0.0005414680686847805,0.0001539516010266041
S4,0.0005183142129716823,0.0005186486288978414
VIX_change_21d,0.0005095333862262796,0.00035563294848240615
W_PRICE_VS_EMA26,0.0004895569555099843,0.00020467740056497253
VIX_change_1d,0.0004856787829777165,0.00018511805941429923
SPY_return_126d,0.000467194055883291,0.0003802635746166654
V13,0.00045523813530294887,0.00020237432494394467
SPY_return_1d,0.0004477601996367042,0.0001974957957964936
D_MACD,0.0004439586410694307,0.00043213927075860386
I11_pct_change,0.0004332651979464419,0.00031161277179781024
S3,0.00040176429194902494,0.0002266721808607211
credit_x_vix,0.0003873515461702448,6.725517985292539e-06
M10,0.0003851083289378554,0.0003447213328675077
SPY_STOCH_K,0.0003630266160748796,0.00017689545102499388
INTRA_RANGE,0.0003527559374753464,0.0001515364790802196
DXY_ALT,0.0003505853468523723,9.1803083030311e-05
I1_roll_std_5,0.0003335418525940437,0.00017028166537968732
VIX_change_5d,0.0003313708086977396,0.00011629031396722465
VIX_F1,0.0003225650264314206,0.00014268638592820549
VOLUME_RELATIVE_63,0.0003091579083172702,7.691507788007757e-05
V1_roll_max_5,0.0002872333203538968,0.00012039535389131664
SPY_dist_MA_21,0.00028644373363340137,0.0008140719190640938
I12_sma20_ratio,0.0002799631821785553,0.00026574208598531025
I16_zscore,0.00027838089964353773,0.00010196363527297324
D_FORCE_INDEX_2_NORM,0.0002737881806390119,9.803168740756822e-05
value_growth_spread_1d,0.0002656930524977064,0.00024533710077345174
I3_lag3,0.0002626926785410655,9.600943561653129e-05
I19_pct_change,0.00025528105281928947,0.00035218996493248915
INTRA_OPEN_POSITION,0.0002475565822503523,0.00011757168875341563
E20,0.00024044615478231447,8.145571736253164e-05
I18_pct_change,0.00023089421830653213,0.00020112705386328607
I6_zscore_5,0.00022971080151608093,0.00023690984867253293
I19_momentum_5,0.0002295980293413935,0.0002513100535510072
I19_sma20_ratio,0.00022595159425646826,0.00027305760045189675
V5,0.0002171692468836639,0.00030364846967075325
GAP_OVERNIGHT,0.00021015079487565202,0.0001068329100685513
I8_roll_std_10,0.00020135217499699375,7.56979318233705e-05
GAP_OVERNIGHT_ABS,0.0001976604872987231,0.000142716554401437
SPY_ROC_10,0.000195978378991013,0.00025858168128401317
I2_lag10,0.00019174458814033012,9.985167136958181e-05
SPY_MINUS_DI,0.00017853941803043228,0.000358227820585369
VIX_F4,0.00017805529100760608,4.80256964759554e-05
V3,0.00017793481931915878,0.0001477922878473942
I1_roll_std_10,0.00016363167820223622,7.922805385203383e-05
SPY_volume_zscore,0.00016352386630944516,0.0001335775253665892
SPY_return_21d,0.0001598743355689214,6.168253148988575e-05
SPY_dist_MA_100,0.00015821532257211945,8.645132576302142e-05
I1_zscore_21,0.00015545085001789083,0.00016299122053127046
I10_momentum_5,0.00015523344481014334,9.227394785519783e-05
I10_sma20_ratio,0.0001548741465704495,0.00010887517357895484
W_TREND_STRENGTH,0.00015034571777303719,6.825654283146987e-05
ig_spread_chg_21d,0.0001499768919153377,6.999570415359848e-05
I13_momentum_5,0.00014096599575688095,0.0002112382352462505
yield_spread_10_2_change_1d,0.00013609834914862784,7.875260318401297e-05
GAP_LARGE_FREQ_21,0.00013431166210162715,3.921126537176832e-05
tech_momentum_21d,0.00013239620068099532,0.0001173850376336549
V1_roll_mean_21,0.00013031521697886016,0.0002132153496815542
I12_pct_change,0.0001222872196999125,0.0002160568499258124
P6,0.00012114673356764528,0.00022313502958072498
I2_roll_std_5,0.00011440276973417873,7.234434308897903e-05
I5_lag1,0.00011270027828325091,0.00013685024814069302
I14_sma20_ratio,0.00010989842248976256,6.503631985088377e-05
D_FORCE_INDEX_13_NORM,0.00010915250466672077,3.753813723746822e-05
I6_zscore_10,0.00010915190083820026,0.0001718289261886023
MOVE_INDEX,0.0001066721318691899,0.00012176338218943932
VIX_zscore_63,0.00010319085767969138,0.00012916565421903728
I2_zscore_21,0.0001029801462048896,3.7735097244205686e-05
I1_zscore_10,0.0001019392272164632,0.00024528453990196555
I19_zscore,9.7526148967364e-05,5.656920106123253e-05
consumer_conf_momentum_21d,8.98749880108296e-05,5.3573443852749236e-05
TIPS_10Y,8.97409720337361e-05,5.960263431704413e-05
V1_lag63,8.695884370168994e-05,0.00010760103091215476
SPY_RSI_21,8.540397768508345e-05,0.0002456931840502187
SPY_ADX_14,8.52228891231377e-05,2.697701623683533e-05
SP500_EARNINGS_YLD,8.239325154442145e-05,0.0002818102284316185
rsi_below_sma200,7.985806635986137e-05,2.8005856921268265e-05
V1_lag10,7.965262521605342e-05,2.8922986135405632e-05
I8_roll_std_21,7.96149155464887e-05,2.115766303537099e-05
BREAKEVEN_10Y,7.725785141952102e-05,2.853053204610299e-05
SPY_STOCH_D,7.675433450480274e-05,0.0002076776617000476
I1_lag21,7.65945333728979e-05,6.622290848547664e-05
I15_momentum_5,7.52802453411805e-05,3.0386522072868833e-05
SPY_ATR_pct,7.429628449184822e-05,4.962553252245e-05
I10_pct_change,6.918397687740718e-05,0.00013156394866921592
CLOSE_POSITION_MA_21,6.893386770248088e-05,4.366699436822723e-05
vix_3m_spot_ratio,6.482922924266887e-05,0.000673135193250411
V1_lag21,6.19432465138292e-05,0.0001274543986930437
I14_pct_change,6.17087635820912e-05,3.099057545872633e-05
sector_dispersion_21d,5.9967257280946205e-05,0.00024085455470086698
P4,5.939683772093751e-05,7.799597370928151e-05
corr_SPY_GLD_21d,5.82114792253563e-05,0.00011466161061901312
I17,5.5653848034853404e-05,0.00010538880153729444
I12_zscore,5.377983672245623e-05,4.129231335748752e-05
V1,5.333219631982189e-05,0.0002178156709120045
I11_zscore,5.289928971594637e-05,5.9382696220067534e-05
I15_zscore,5.2427963442491786e-05,0.00010319086209470665
TIPS_5Y,4.96714250864505e-05,9.156112410772408e-05
VIX_zscore,4.57567840584705e-05,3.6066564599504956e-05
VOL_GARMAN_KLASS_63,4.521584698973236e-05,9.249725427439341e-06
I3_lag63,4.4931700385353325e-05,7.281963095052912e-05
SPY_momentum_63,4.403258858214354e-05,6.877838753524746e-05
I5,4.122285135998993e-05,8.238441747621175e-05
VIX_F2,4.061721697985465e-05,2.2802113335592325e-05
I4_zscore_10,3.92009331718679e-05,9.199243444336606e-05
BUYING_PRESSURE_21,3.714084532793205e-05,3.914094935714817e-05
V6,3.684666121201996e-05,6.269128319891015e-06
VOLUME_RANGE_PRODUCT,3.5018821924448494e-05,1.2243102166788955e-05
V1_zscore_10,3.403110552442356e-05,6.815668310188838e-05
I14_momentum_5,3.318828186396061e-05,2.9620036790739103e-05
corr_SPY_OIL_21d,3.112080345666346e-05,1.6334227706430358e-05
M5,2.772319598247641e-05,2.4810827154147837e-05
VOL_PARKINSON_21,2.6040228397183895e-05,4.168314204662105e-05
I10_zscore,2.44944977429995e-05,5.6526303551877625e-05
D_ATR,2.3762877063471245e-05,0.00019810796501412923
I1_lag2,2.1658026296722532e-05,1.234117245289735e-05
E14,1.9767766262357435e-05,0.00020066021146051137
I4_lag21,1.9468800661592843e-05,4.356645466120974e-05
ig_spread_chg_5d,1.8330178513759065e-05,6.117140521640228e-05
yield_spread_10_2_change_5d,1.5574125113126948e-05,7.65195269027251e-05
SPY_ROC_5,1.5358399140352752e-05,7.47021139819565e-05
CANDLE_LOWER_SHADOW_PCT,1.4521142776802165e-05,5.58889888982624e-05
S1,1.2731593073689318e-05,2.2878015584949818e-05
E4_lag21,1.246833884953613e-05,6.523670526207663e-05
I14,1.2377846668920612e-05,9.22046156592112e-05
P10,1.1463963007574129e-05,6.22119791083814e-05
I20_zscore,1.1096072941652047e-05,5.746543877159282e-05
SPY_RSI_7,1.0885365803270375e-05,7.55170643339304e-05
V1_roll_max_21,1.0217796377309796e-05,0.00018482808809185935
spread_ratio_chg,1.0058303850657425e-05,0.00011480990133068372
I1_roll_min_5,8.361115846144962e-06,1.6722231692289923e-05
V1_roll_mean_10,8.263102458938576e-06,3.1672720645240806e-05
W_TREND,7.360503171227606e-06,9.014738509822539e-06
I2_roll_std_21,7.287833479963091e-06,8.472405197795034e-05
V1_roll_min_21,6.984361183737242e-06,4.9740086704393565e-06
corr_SPY_DXY_21d,5.697119444225684e-06,1.6161006316382608e-05
SPY_MACD,5.602245210090117e-06,0.0006332095110542795
SPY_zscore_21,5.4345319230764135e-06,2.9923910810272717e-05
I8_roll_min_21,5.035011656473465e-06,3.246494231838578e-05
I7_lag21,4.847626291981655e-06,1.0995159039351776e-05
S5,4.838319186162288e-06,3.433021272009301e-05
V7,3.4841135775565136e-06,5.725337977318421e-05
P10_SILVER,3.345238487773017e-06,7.986060136508086e-05
tech_vs_spy_21d,2.7228789542643737e-06,1.9162314446481565e-06
VIX_regime_high,2.455918609567398e-06,1.0799425526048667e-05
corr_SPY_TLT_21d,1.1719860619319178e-06,7.831083492988298e-05
I2_lag2,0.0,0.0
I2_lag21,0.0,0.0
I2_lag3,0.0,0.0
I2_lag63,0.0,0.0
I4_lag2,0.0,0.0
I8_roll_min_10,0.0,0.0
VOL_YANG_ZHANG_63,0.0,0.0
E4_lag10,0.0,0.0
I6_roll_mean_10,0.0,0.0
E12,0.0,0.0
I18_zscore,0.0,0.0
SPY_CLOSE,0.0,0.0
BREAKEVEN_5Y,0.0,0.0
COPPER,0.0,0.0
I18_momentum_5,0.0,0.0
D1,0.0,0.0
D2,0.0,0.0
D3,0.0,0.0
D4,0.0,0.0
E1_lag63,0.0,0.0
E2,0.0,0.0
E4,0.0,0.0
E4_lag1,0.0,0.0
I15,0.0,0.0
I16,0.0,0.0
cpi_momentum_21d,0.0,0.0
V8,0.0,0.0
VIX_regime_low,0.0,0.0
consumer_conf_trend,0.0,0.0
I4,0.0,0.0
I4_lag1,0.0,0.0
I2_roll_max_5,0.0,0.0
I4_lag3,0.0,0.0
I4_lag5,0.0,0.0
I4_lag63,0.0,0.0
I3,0.0,0.0
I3_lag1,0.0,0.0
I3_lag10,0.0,0.0
I3_lag21,0.0,0.0
I16_pct_change,0.0,0.0
I17_pct_change,0.0,0.0
D5,0.0,0.0
I1_lag1,0.0,0.0
I1_lag10,0.0,0.0
I1_lag63,0.0,0.0
I15_pct_change,0.0,0.0
I15_sma20_ratio,0.0,0.0
E8,0.0,0.0
E8_lag1,0.0,0.0
E8_lag10,0.0,0.0
E8_lag2,0.0,0.0
E8_lag3,0.0,0.0
E8_lag5,0.0,0.0
E9,0.0,0.0
I1,0.0,0.0
I19,0.0,0.0
I8_lag1,0.0,0.0
I8_lag10,0.0,0.0
I8_lag2,0.0,0.0
I8_lag21,0.0,0.0
I8_lag3,0.0,0.0
I8_lag5,0.0,0.0
I8_lag63,0.0,0.0
I8_roll_max_10,0.0,0.0
I7_lag1,0.0,0.0
I7_lag10,0.0,0.0
I7_lag2,0.0,0.0
I7_lag3,0.0,0.0
I7_lag5,0.0,0.0
I8,0.0,0.0
M18,0.0,0.0
M18_lag1,0.0,0.0
M18_lag10,0.0,0.0
M18_lag2,0.0,0.0
M18_lag21,0.0,0.0
M18_lag3,0.0,0.0
M18_lag5,0.0,0.0
M18_lag63,0.0,0.0
M13_lag21,0.0,0.0
M13_lag3,0.0,0.0
M13_lag5,0.0,0.0
M14,0.0,0.0
M15,0.0,0.0
M16,0.0,0.0
M17,0.0,0.0
LIBOR_3M,0.0,0.0
M1,0.0,0.0
M11,0.0,0.0
M12_REIT,0.0,0.0
M13,0.0,0.0
M13_lag1,0.0,0.0
M13_lag10,0.0,0.0
M13_lag2,0.0,0.0
I9,0.0,0.0
I9_lag1,0.0,0.0
I9_lag10,0.0,0.0
I9_lag2,0.0,0.0
I9_lag21,0.0,0.0
I9_lag3,0.0,0.0
I9_lag5,0.0,0.0
I9_lag63,0.0,0.0
M6,0.0,0.0
M7,0.0,0.0
M8,0.0,0.0
M9,0.0,0.0
NYSE_DEC,0.0,0.0
M4_lag63,0.0,0.0
M5_lag10,0.0,0.0
M5_lag2,0.0,0.0
M5_lag21,0.0,0.0
M5_lag3,0.0,0.0
M5_lag63,0.0,0.0
M3_lag63,0.0,0.0
M4,0.0,0.0
M4_lag1,0.0,0.0
M4_lag10,0.0,0.0
M4_lag2,0.0,0.0
M4_lag21,0.0,0.0
M4_lag3,0.0,0.0
M4_lag5,0.0,0.0
M2,0.0,0.0
M3,0.0,0.0
M3_lag1,0.0,0.0
M3_lag10,0.0,0.0
M3_lag2,0.0,0.0
M3_lag21,0.0,0.0
M3_lag3,0.0,0.0
M3_lag5,0.0,0.0
I1_roll_min_10,0.0,0.0
I1_roll_min_21,0.0,0.0
I1_roll_min_63,0.0,0.0
I1_roll_std_63,0.0,0.0
I1_zscore_5,0.0,0.0
I1_zscore_63,0.0,0.0
I2,0.0,0.0
I1_roll_max_10,0.0,0.0
I1_roll_max_21,0.0,0.0
I1_roll_max_5,0.0,0.0
I1_roll_max_63,0.0,0.0
I1_roll_mean_10,0.0,0.0
I1_roll_mean_21,0.0,0.0
I1_roll_mean_5,0.0,0.0
I1_roll_mean_63,0.0,0.0
W_ATR,0.0,0.0
W_ATR_PCT,0.0,0.0
TS_BUY_SETUP,0.0,0.0
TS_SELL_SETUP,0.0,0.0
TS_BUY_SIGNAL,0.0,0.0
TS_SELL_SIGNAL,0.0,0.0
TS_SIGNAL,0.0,0.0
TS_ALIGNMENT,0.0,0.0
W_MACD,0.0,0.0
W_MACD_HIST_DIRECTION,0.0,0.0
W_IMPULSE,0.0,0.0
W_EMA13,0.0,0.0
W_EMA26,0.0,0.0
SPY_ATR_14,0.0,0.0
SPY_BB_position_20,0.0,0.0
SPY_HIGH,0.0,0.0
SPY_LOW,0.0,0.0
SPY_MACD_hist,0.0,0.0
S12,0.0,0.0
S4_HY_INDEX,0.0,0.0
S6,0.0,0.0
S7,0.0,0.0
S8,0.0,0.0
S9,0.0,0.0
P5,0.0,0.0
P7,0.0,0.0
P8,0.0,0.0
P9_GOLD,0.0,0.0
S10,0.0,0.0
S11,0.0,0.0
S11_CHINA,0.0,0.0
P11,0.0,0.0
P11_CMDTY_IDX,0.0,0.0
P12,0.0,0.0
P13,0.0,0.0
P13_NATGAS,0.0,0.0
P2,0.0,0.0
P3,0.0,0.0
I4_roll_min_21,0.0,0.0
I4_roll_min_5,0.0,0.0
I4_roll_min_63,0.0,0.0
I4_roll_std_63,0.0,0.0
I4_roll_max_21,0.0,0.0
I4_roll_max_5,0.0,0.0
I4_roll_max_63,0.0,0.0
I4_roll_mean_10,0.0,0.0
I4_roll_mean_21,0.0,0.0
I4_roll_mean_5,0.0,0.0
I4_roll_mean_63,0.0,0.0
I4_roll_min_10,0.0,0.0
SPY_OPEN,0.0,0.0
SPY_SHARES_OUT,0.0,0.0
SPY_VOLUME,0.0,0.0
I4_roll_max_10,0.0,0.0
SPY_MA_cross_10_21,0.0,0.0
SPY_MA_cross_10_50,0.0,0.0
SPY_MA_cross_20_50,0.0,0.0
SPY_MA_cross_50_200,0.0,0.0
SPY_MA_cross_5_10,0.0,0.0
SPY_OBV,0.0,0.0
SPY_volume_ratio,0.0,0.0
SPY_volume_sma_20,0.0,0.0
M12,0.0,0.0
V10,0.0,0.0
SPY_return_252d,0.0,0.0
SPY_vol_ratio_5_21,0.0,0.0
SPY_volatility_126,0.0,0.0
I6,0.0,0.0
I6_lag1,0.0,0.0
I6_lag10,0.0,0.0
I5_lag10,0.0,0.0
I5_lag2,0.0,0.0
I5_lag21,0.0,0.0
I5_lag3,0.0,0.0
I5_lag63,0.0,0.0
D_IMPULSE,0.0,0.0
D_EMA13,0.0,0.0
D_EMA26,0.0,0.0
D_FORCE_OVERSOLD,0.0,0.0
D_FORCE_OVERBOUGHT,0.0,0.0
D_BULL_DIVERGENCE,0.0,0.0
D_BEAR_DIVERGENCE,0.0,0.0
yield_spread_10_3m,0.0,0.0
yield_spread_10_3m_inverted,0.0,0.0
D_MACD_HIST,0.0,0.0
vvix_zscore,0.0,0.0
yield_curve_inverted,0.0,0.0
yield_spread_10_2,0.0,0.0
unemployment_trend,0.0,0.0
vix_contango_VIX_F1,0.0,0.0
I2_roll_mean_5,0.0,0.0
I2_roll_mean_63,0.0,0.0
I2_roll_min_10,0.0,0.0
I2_roll_min_21,0.0,0.0
I2_roll_min_5,0.0,0.0
I2_roll_min_63,0.0,0.0
I2_roll_std_63,0.0,0.0
V1_zscore_21,0.0,0.0
V2,0.0,0.0
V4,0.0,0.0
I10,0.0,0.0
I2_roll_mean_10,0.0,0.0
I2_roll_mean_21,0.0,0.0
V1_roll_mean_63,0.0,0.0
V1_roll_min_10,0.0,0.0
V1_roll_min_63,0.0,0.0
V1_roll_std_63,0.0,0.0
V1_roll_max_63,0.0,0.0
sectors_positive,0.0,0.0
skew_high,0.0,0.0
spread_ratio_hy_ig,0.0,0.0
I11,0.0,0.0
unemployment_momentum_21d,0.0,0.0
regime_bear,0.0,0.0
regime_bull,0.0,0.0
regime_neutral,0.0,0.0
rsi_above_sma200,0.0,0.0
hy_spread_regime_high,0.0,0.0
hy_spread_zscore,0.0,0.0
inflation_momentum,0.0,0.0
ip_momentum_21d,0.0,0.0
ip_trend,0.0,0.0
momentum_low_vol,0.0,0.0
cpi_momentum_63d,0.0,0.0
cpi_trend,0.0,0.0
gdp_momentum_21d,0.0,0.0
gdp_momentum_63d,0.0,0.0
gdp_trend,0.0,0.0
core_inflation_momentum,0.0,0.0
I12,0.0,0.0
corr_SPY_OIL_63d,0.0,0.0
I13,0.0,0.0
corr_SPY_TLT_63d,0.0,0.0
E4_lag2,0.0,0.0
E4_lag3,0.0,0.0
E4_lag5,0.0,0.0
E4_lag63,0.0,0.0
E5,0.0,0.0
E6,0.0,0.0
E7,0.0,0.0
I18,0.0,0.0
INTRA_CLOSE_POSITION,0.0,0.0
GAP_LARGE_FLAG,0.0,0.0
CANDLE_BODY_PCT,0.0,0.0
E1_lag2,0.0,0.0
E1_lag21,0.0,0.0
E1_lag3,0.0,0.0
E1_lag5,0.0,0.0
VOL_PARKINSON_63,0.0,0.0
E13,0.0,0.0
E15,0.0,0.0
E16,0.0,0.0
E17,0.0,0.0
E18,0.0,0.0
E19,0.0,0.0
E1_lag1,0.0,0.0
E1_lag10,0.0,0.0
D6,0.0,0.0
D7,0.0,0.0
D8,0.0,0.0
D9,0.0,0.0
E1,0.0,0.0
E10,0.0,0.0
E11,0.0,0.0
I11_sma20_ratio,0.0,0.0
I2_roll_max_10,0.0,0.0
I2_roll_max_21,0.0,0.0
I6_roll_min_63,0.0,0.0
I6_roll_std_21,0.0,0.0
I6_zscore_63,0.0,0.0
I7,0.0,0.0
I6_roll_max_63,0.0,0.0
I20,0.0,0.0
I6_roll_mean_5,0.0,0.0
I6_roll_mean_63,0.0,0.0
I6_roll_min_10,0.0,0.0
I6_roll_min_5,0.0,0.0
I6_lag21,0.0,0.0
I6_lag3,0.0,0.0
I6_lag63,0.0,0.0
I6_roll_max_10,0.0,0.0
I6_roll_max_21,0.0,0.0
I6_roll_max_5,0.0,0.0
CANDLE_DOJI,0.0,0.0
I2_lag1,0.0,0.0
I8_roll_min_5,0.0,0.0
I8_roll_min_63,0.0,0.0
I8_roll_std_5,0.0,0.0
I8_zscore_63,0.0,0.0
I8_roll_max_21,0.0,0.0
I8_roll_max_5,0.0,0.0
I8_roll_max_63,0.0,0.0
I8_roll_mean_10,0.0,0.0
I8_roll_mean_21,0.0,0.0
I8_roll_mean_5,0.0,0.0
I8_roll_mean_63,0.0,0.0
I2_roll_max_63,0.0,0.0
INTRA_ATR_5,-1.2083823293096428e-07,3.9958776320965926e-06
I3_lag5,-1.5148413212040523e-06,2.773160887253013e-05
I2_lag5,-1.6966268089557702e-06,3.393253617911541e-06
INTRA_ATR_21,-2.0372765155096673e-06,6.111829546529001e-06
SPY_volatility_10,-2.128959457681212e-06,0.0002179122156359969
I5_lag5,-2.7391598989900955e-06,1.4628418680994896e-05
I6_roll_min_21,-3.022694732046638e-06,9.068084196139913e-06
SPY_ROC_63,-3.1426337298912087e-06,4.814190539114894e-05
VIX_F3,-4.308402005159806e-06,2.742099687127328e-05
I20_pct_change,-5.1541805178523244e-06,0.00024463104971764963
corr_SPY_DXY_63d,-6.198527020040423e-06,4.3276419703177184e-05
SPY_vol_ratio_21_63,-6.350788907627525e-06,5.0182316546323904e-05
consumer_conf_momentum_63d,-6.732288872735026e-06,2.16217444799469e-05
GAP_VS_ATR,-1.2350461638477306e-05,3.646602847207482e-05
W_MACD_HIST,-1.2837888658623341e-05,0.00034440255997106463
corr_SPY_GLD_63d,-1.2918731438560372e-05,8.893239973052649e-05
D_FORCE_INDEX_13,-1.3090799241166629e-05,0.00123506940492778
RANGE_PCT_ZSCORE,-1.3765072611771067e-05,1.2949843239450988e-05
unemployment_momentum_63d,-1.532584222818656e-05,4.971256474543728e-05
I8_roll_std_63,-1.5809710162040248e-05,1.5703168366410537e-05
RANGE_PCT_MA_21,-1.603620785119997e-05,1.785804627045971e-05
claims_momentum_4w,-1.8764261320436405e-05,8.727311846185459e-05
SPY_volatility_5,-1.8946239161166113e-05,6.990590259165073e-05
V1_roll_max_10,-1.9066118434851732e-05,5.9788455156790334e-05
M5_lag5,-1.9125503966677117e-05,4.316432004845226e-05
SPY_CCI_20,-2.068047971806042e-05,2.8043349077253583e-05
I8_zscore_5,-2.2975679261705297e-05,9.273868390194349e-05
I1_lag5,-2.3587149959625185e-05,8.761330121777792e-05
I14_zscore,-2.4766136229503745e-05,2.372217526379397e-05
yield_butterfly,-2.5958831914429937e-05,2.0386410777622743e-05
I6_roll_std_5,-2.7102096096731642e-05,7.203884891618936e-05
SELLING_PRESSURE_21,-2.8189949816970206e-05,4.058584694105442e-05
I17_sma20_ratio,-3.2209694134777146e-05,6.327228289425243e-05
I16_momentum_5,-3.680797299645544e-05,9.23490724554596e-05
P12_OIL,-3.8024966909322445e-05,6.947498616778573e-05
vvix_vix_ratio,-4.079553375577749e-05,3.0986102433535386e-05
yield_spread_10_2_zscore,-4.171749053649698e-05,3.142405382864446e-05
V1_roll_std_10,-4.4312595606710306e-05,0.00012525130956215913
CLV_MA_21,-4.710730643986416e-05,3.848125038651139e-05
I6_zscore_21,-4.76572922752716e-05,0.00011923773692783176
V12,-5.147298633298991e-05,2.7937460933309415e-05
VOL_YANG_ZHANG_21,-5.356568681300633e-05,3.042168393662274e-05
SPY_volatility_63,-5.419266429800285e-05,7.639750077758061e-05
M13_lag63,-5.5466000367343506e-05,0.00010673448385416137
V1_zscore_5,-5.726070359235447e-05,0.00013350975603913941
I6_roll_std_63,-5.962543101756257e-05,6.895474302248267e-05
V1_zscore_63,-6.279619430036299e-05,0.00037842705957923925
hy_spread_chg_5d,-6.301238453074732e-05,0.00020915777714609963
VOLUME_RELATIVE_21,-6.63265255443024e-05,3.2969858753322646e-05
I13_sma20_ratio,-6.922098847577108e-05,0.00020623814372498677
NYSE_ADV,-7.077632749903362e-05,5.2893786878447604e-05
P9,-7.271377982349669e-05,2.1667391392404903e-05
M5_lag1,-7.530050724942061e-05,3.95215219944825e-05
I13_zscore,-7.814218856487809e-05,5.83046720115731e-05
vol_premium_zscore,-7.943811736073058e-05,0.00015933986542356185
I4_zscore_21,-8.008331279028003e-05,6.368970911426818e-05
value_momentum_21d,-8.019848070526248e-05,8.214135897002968e-05
I4_lag10,-8.032794508516794e-05,7.798502083504194e-05
E3,-8.033255738266742e-05,6.903510777013934e-05
I6_roll_std_10,-8.663210278896383e-05,7.502103043015185e-05
I8_zscore_21,-9.162814300565092e-05,4.771292387639678e-05
SPY_DI_DIFF,-9.269658506299017e-05,0.0002508226930572575
growth_momentum_21d,-9.290093660623278e-05,0.00012284489701524587
vix_term_ratio_VIX_F1,-9.637098179813287e-05,8.85700347604759e-05
CVIX,-9.720989219601517e-05,4.5577743452420124e-05
I2_roll_std_10,-9.734829256053956e-05,0.00011031564839122697
V11,-9.999360121801804e-05,0.0002337342452533832
CANDLE_UPPER_SHADOW_PCT,-0.0001095586719204178,0.00018376121549642307
I4_zscore_63,-0.00010963786083049155,6.0177276197241256e-05
I12_momentum_5,-0.00011204771269768266,0.00012237771096249752
I4_roll_std_21,-0.00011248165382313769,0.00017590312260904438
I6_lag5,-0.00011331368814757604,4.125065141744856e-05
I1_roll_std_21,-0.00011453824754881214,6.300382049405926e-05
I7_lag63,-0.00011493877062043189,0.00036203478375520604
SPY_RSI_14,-0.00011910115299429425,9.751992264651457e-05
I3_lag2,-0.00012313468963829344,0.00013304687623242757
PRICE_EFFICIENCY,-0.00012468957645868085,0.00013385242340179936
SPY_ROC_21,-0.00012728600770752773,8.981869976479914e-05
I2_zscore_10,-0.0001337474449675913,5.496699782787409e-05
I4_roll_std_5,-0.00013709721655883467,0.00013173565978273716
I16_sma20_ratio,-0.0001413276997396684,7.271442173375012e-05
regime_score,-0.00014203350777379774,5.814945602219267e-05
yield_spread_10_2_change_21d,-0.00014630420294776681,5.1871721806068995e-05
vix_roll_yield_VIX_F1,-0.00015931775048652063,0.00013843661784886796
CLV,-0.00015963107641947527,0.0002240695835630184
SPY_volatility_21,-0.00016003628582879071,5.177837548588385e-05
vix_x_curve_inverted,-0.0001604780533693173,0.0002128322976430107
SPY_dist_MA_200,-0.00016301929428812477,0.00012786738085070833
VOL_RATIO_21_63,-0.0001639555080335642,8.583872612065658e-05
V1_lag5,-0.00016567746177913455,0.0002103234079737614
D_ATR_PCT,-0.00016939166894678337,4.501887848765299e-05
I11_momentum_5,-0.00017051733614272812,0.0001425995329372515
CANDLE_DIRECTION,-0.00017426670007707478,5.323047457782199e-05
V9,-0.00017750719968443463,3.4836587357505626e-05
W_EMA_SLOPE,-0.00018678431526235605,5.060476018269964e-05
I4_zscore_5,-0.00018702157323491342,0.00023851521185713838
VOL_GARMAN_KLASS_21,-0.00018777433104506526,8.378096938544511e-05
SPY_return_63d,-0.00019291871073852108,0.00015136253503888529
V1_roll_std_5,-0.0001956360643622146,6.420232416328838e-05
VOL_ROGERS_SATCHELL_21,-0.00019680156333250486,8.657927916716615e-05
I2_zscore_5,-0.0002025087631973843,1.9007954194313054e-05
INTRA_RANGE_PCT,-0.00020415113567990862,0.00021790472510820803
ip_momentum_63d,-0.00020610366413438276,0.0001363348273919692
SPY_WILLIAMS_R,-0.00020761296501810024,0.00032111773107701674
small_large_spread_21d,-0.00021046767045138637,0.0001771545651915736
I1_lag3,-0.000229562415763529,0.00010714254593374053
I4_roll_std_10,-0.0002310122245204882,0.00044406828293890016
I20_sma20_ratio,-0.00023508652965580356,0.00016128642274518097
SPY_return_5d,-0.0002374745354443153,0.00022741710733609568
I20_momentum_5,-0.000247975943487444,0.0002690888967031607
SPY_zscore_63,-0.000252525695031669,7.703089187941342e-05
sector_rotation_range,-0.00025598247082496693,0.00013252421042032474
W_PRICE_VS_EMA13,-0.0002582260166329453,0.0001257282960765744
SPY_momentum_21,-0.00026008564226807083,0.00010764402213963651
I18_sma20_ratio,-0.00026260252894179105,0.00014644783801210574
SPY_OBV_momentum_21,-0.00027381519479583447,0.0002176222087220597
sector_dispersion_1d,-0.0003010938098923388,0.0003613073575524764
V1_lag1,-0.0003012965038359239,9.08111663610831e-05
P1,-0.00030170404512095403,0.00037685647508916426
V1_roll_min_5,-0.0003035955967790382,0.0001009987491034286
V1_lag3,-0.00030761916926778097,0.000118375113525464
I13_pct_change,-0.00030775820072082016,0.0001724052019408357
SPY_zscore_10,-0.00031301251475532863,0.00012509727559953593
V1_roll_mean_5,-0.00032480994268571097,0.00012971281760510898
value_growth_spread_21d,-0.00035249076519399124,0.00025252246422384814
I6_roll_mean_21,-0.00037571714837170145,0.0003326239397909688
V1_lag2,-0.00037872972203303326,7.65101500152234e-05
vix_x_curve,-0.000400084721425098,0.00015604171065488495
D_FORCE_INDEX_2,-0.00040327072346342253,0.0005495541681767356
INTRA_TRUE_RANGE,-0.000430495678355558,0.00017058856315318438
SPY_momentum_5,-0.0004355280178833798,0.00010927345740497465
momentum_high_vol,-0.0004355848298056131,0.00023323744691597668
I2_zscore_63,-0.0005125259301605345,8.457402627485736e-05
sector_dispersion_5d,-0.0005233873742291895,0.0002771044238827788
skew_zscore,-0.0005366323343246604,0.00017234248131845227
SPY_MACD_signal,-0.0005814801052566709,0.0004063999339928854
V1_roll_std_21,-0.0005886114788812069,0.0001475010084458023
hy_spread_chg_21d,-0.0006391588769713241,0.00017955812427326674
I17_zscore,-0.0007345230808202263,0.00017194590536315853
D_BEAR_POWER,-0.000758009615723676,0.0003250380476111739
S2,-0.0007709486686793277,0.00031466330384013336
D_MACD_SIGNAL,-0.0007807367010597144,0.00044095352647206387
SPY_dist_MA_50,-0.000850915083839765,0.0004376595684063601
I6_lag2,-0.0010214381293516927,0.0006002702729367669
I17_momentum_5,-0.0012220153803079725,0.0002304147280350104
RANGE_PCT_STD_21,-0.0013998608792542776,0.0017877066588553809
vix_term_slope_VIX_F1,-0.0014149054021237895,0.00025365042448231324
