model,type,rmse,r2,directional_accuracy,strategy_return,sharpe_ratio,max_drawdown
0,ML,0.0111311310286794,-0.0618001482849828,0.5015384615384615,1.6277129064262836,1.0556802438399309,
1,ML,0.0107395212915597,0.0115970377614725,0.483076923076923,1.2174176825951837,0.8960842578648809,
2,ML,0.010778933607483,0.0043291664106761,0.54,1.1156617172525278,0.8864867355529499,
3,ML,0.0108001877849259,0.0003987166292052,0.5038461538461538,1.086469974002214,0.8512965158246667,
4,ML,0.0108549502769922,-0.0097639657331609,0.4576923076923077,1.061379353599043,0.8797804536445221,
5,ML,0.0107992280674135,0.0005763602502961,0.5192307692307693,1.0438009067045275,0.84821369882187,
Prophet,Forecasting,67.08565068756648,0.3964460757402587,0.6981292517006803,0.35804514421559275,0.5958448614410352,-0.179143226467883
6,ML,0.0231708060055368,-3.600938984814988,0.4569230769230769,0.276034073995679,1.292685658130496,
SF_SeasonalNaive,Forecasting,13.62424167104765,0.9029082610967032,0.5338645418326693,0.20967213842654142,1.3142729063758465,-0.08015526192056882
SF_WindowAvg21,Forecasting,15.58662073354493,0.8729245846656781,0.5139442231075697,0.09240876940341525,0.943594289256238,-0.07207582423181966
SF_Naive,Forecasting,6.933183921238082,0.9748566555896045,0.4860557768924303,0.04958297870553774,0.4371252833914562,-0.1389662233216955
SF_WindowAvg5,Forecasting,9.35678612660607,0.9542057440299945,0.4820717131474104,0.04952200923164907,0.523850283376818,-0.07661482301577127
SF_AutoARIMA,Forecasting,7.409995797827359,0.9712793988832794,0.49800796812749004,0.026727176285243903,0.27369687311725954,-0.1466078271922775
SF_AutoTheta,Forecasting,6.876704304499975,0.975264636184122,0.4900398406374502,0.01606337817926784,0.19032913624851616,-0.15773099430754345
SF_AutoETS,Forecasting,6.886832529063805,0.9751917204968841,0.49800796812749004,0.0043475536377277635,0.09890133927945013,-0.1502001269355786
