model,strategy,strategy_return,market_return,excess_return,strategy_annual,market_annual,strategy_sharpe,market_sharpe,max_drawdown,win_rate,dir_accuracy,time_in_market,n_trades
Ridge,long_cash,0.09449637652105514,0.9869395992503947,-0.8924432227293395,0.01767099924668525,0.14247432204125943,0.24573034523840642,0.8624630067596051,-0.16844415554758563,0.5490196078431373,0.5490196078431373,0.19630484988452657,137
Ridge,long_short,-0.4619378521884916,0.9869395992503947,-1.4488774514388862,-0.11328769184566223,0.14247432204125943,-0.6149912016262093,0.8624630067596051,-0.527000300977858,0.47340015420200465,0.472671285604311,1.0,137
Ridge,sigmoid,0.36215497170409394,0.9869395992503947,-0.6247846275463007,0.061791696869584856,0.14247432204125943,0.8852637955740296,0.8624630067596051,-0.10818325638280672,0.5458750963762529,0.5450346420323325,0.379102200665699,1298
Lasso,long_cash,0.610852839352716,0.9869395992503947,-0.3760867598976787,0.09690213504471146,0.14247432204125943,0.7103811865352249,0.8624630067596051,-0.21045428375444608,0.5441767068273092,0.5436308926780341,0.7675134719014627,418
Lasso,long_short,0.2502889700318136,0.9869395992503947,-0.736650629218581,0.04428627345971625,0.14247432204125943,0.33789486759735887,0.8624630067596051,-0.32902069792487576,0.5219737856592136,0.5211701308698999,1.0,418
Lasso,sigmoid,0.4472325480351962,0.9869395992503947,-0.5397070512151985,0.07434481651193292,0.14247432204125943,0.8697767934517789,0.8624630067596051,-0.13435250575895108,0.5458750963762529,0.5450346420323325,0.5043911160545054,1293
ElasticNet,long_cash,0.5451602668938043,0.9869395992503947,-0.4417793323565904,0.08807790732182852,0.14247432204125943,0.7034033785378789,0.8624630067596051,-0.15323041203383542,0.5329512893982808,0.5321888412017167,0.5381062355658198,634
ElasticNet,long_short,0.12993033007329324,0.9869395992503947,-0.8570092691771014,0.02398071672551061,0.14247432204125943,0.22348706521483766,0.8624630067596051,-0.2187948172440386,0.48959136468774095,0.4888375673595073,1.0,634
ElasticNet,sigmoid,0.4575828201749992,0.9869395992503947,-0.5293567790753955,0.07583109566399249,0.14247432204125943,0.878033718852891,0.8624630067596051,-0.1363976706246291,0.5458750963762529,0.5450346420323325,0.5031398316532669,1298
RandomForest,long_cash,0.9789442689828391,0.9869395992503947,-0.0079953302675555,0.14158102685202456,0.14247432204125943,0.9572938622372811,0.8624630067596051,-0.19852073326387354,0.5566239316239316,0.5560298826040555,0.7213240954580447,144
RandomForest,long_short,0.9021728238844662,0.9869395992503947,-0.08476677536592847,0.13285207600422289,0.14247432204125943,0.8128988539948402,0.8624630067596051,-0.19647667797293794,0.535851966075559,0.5350269438029254,1.0,144
RandomForest,sigmoid,0.5453998079589379,0.9869395992503947,-0.4415397912914567,0.08811062863278951,0.14247432204125943,0.9722610672787485,0.8624630067596051,-0.1170250864416521,0.5458750963762529,0.5450346420323325,0.47303665938794726,806
GradientBoosting,long_cash,1.0847054265449727,0.9869395992503947,0.09776582729457806,0.15316963347036916,0.14247432204125943,0.924128672242728,0.8624630067596051,-0.25360574407067027,0.5465116279069767,0.5456656346749226,0.9946112394149346,4
GradientBoosting,long_short,1.1809843332188485,0.9869395992503947,0.1940447339684539,0.16331420092755766,0.14247432204125943,0.9681712485919302,0.8624630067596051,-0.25360574407067027,0.5466461063993832,0.5458044649730562,1.0,4
GradientBoosting,sigmoid,0.4561368863701163,0.9869395992503947,-0.5308027128802784,0.07562397456346415,0.14247432204125943,0.8786784351853464,0.8624630067596051,-0.13190562737876207,0.5458750963762529,0.5450346420323325,0.5033132941480692,16
XGBoost,long_cash,0.7257006231914298,0.9869395992503947,-0.26123897605896484,0.1116554562049572,0.14247432204125943,0.8730796514418027,0.8624630067596051,-0.16192095427837164,0.5296610169491526,0.5274261603375527,0.3648960739030023,134
XGBoost,long_short,0.4068678326251496,0.9869395992503947,-0.5800717666252451,0.06846538123848278,0.14247432204125943,0.4711455443285427,0.8624630067596051,-0.2025233255749083,0.47571318427139553,0.4749807544264819,1.0,134
XGBoost,sigmoid,0.4857805559133983,0.9869395992503947,-0.5011590433369963,0.07983751616052648,0.14247432204125943,0.907947309891597,0.8624630067596051,-0.12898760778259646,0.5458750963762529,0.5450346420323325,0.4991232454776764,338
LightGBM,long_cash,0.2746100267366338,0.9869395992503947,-0.7123295725137608,0.04819652453051315,0.14247432204125943,0.43273790672123813,0.8624630067596051,-0.20148347035681055,0.5105162523900574,0.5085714285714286,0.40415704387990764,201
LightGBM,long_short,-0.23616945579865578,0.9869395992503947,-1.2231090550490504,-0.05092187737450926,0.14247432204125943,-0.21803775383685614,0.8624630067596051,-0.31164899929191403,0.4626060138781804,0.4618937644341801,1.0,201
LightGBM,sigmoid,0.44750414764308144,0.9869395992503947,-0.5394354516073132,0.07438392698385843,0.14247432204125943,0.8910073666247592,0.8624630067596051,-0.12263659558454064,0.5458750963762529,0.5450346420323325,0.5011809704487205,1144
CatBoost,long_cash,1.0785716898249857,0.9869395992503947,0.0916320905745911,0.15251064079497745,0.14247432204125943,1.1000784981752978,0.8624630067596051,-0.1576072738737445,0.5414424111948332,0.5402792696025779,0.7167051578137028,235
CatBoost,long_short,1.060164743865693,0.9869395992503947,0.07322514461529828,0.15052359211897626,0.14247432204125943,0.9032532701703647,0.8624630067596051,-0.24544443749400968,0.5134926754047803,0.5127020785219399,1.0,235
CatBoost,sigmoid,0.4494367692819399,0.9869395992503947,-0.5375028299684548,0.07466205475766419,0.14247432204125943,0.8778429514052507,0.8624630067596051,-0.130571885923042,0.5458750963762529,0.5450346420323325,0.5020803287908802,1298
