,test_rmse,test_mae,test_r2,test_dir_acc,strategy_sharpe,strategy_return,market_return,daily_turnover,annualized_turnover,transaction_costs_pct,net_return,net_sharpe,max_drawdown,max_drawdown_net,calmar_ratio,calmar_ratio_net,sortino_ratio,mean_position,min_position,max_position,pct_short,pct_long,pct_neutral,pct_leveraged_short,pct_leveraged_long,avg_return_short,avg_return_long,training_time,best_params,model_type
DARTS_DLinear,1.1328891702798778,0.68741746490563,-10957.087371839532,0.5460829493087558,0.8650587936413816,2.380154873885272,0.9618060177870458,0.015185486341508403,3.8267425580601175,2.963447659545365,2.2814314368765007,0.8480726479575371,-0.46844554967346064,-0.46844554967347984,0.5674690952103831,0.5520106980523172,1.0779955123815101,1.965656110494218,-1.3472496909035843,2.0,0.38402457757296465,99.61597542242704,0.07680491551459294,0.0,98.07987711213516,0.001514060388024176,0.001161574411600635,18.74888014793396,"epochs=50, input=30",darts_deeplearning
DARTS_TiDE,0.01380469272612026,0.010141543641068531,-0.6270968224500952,0.5184331797235023,0.5858598087838324,0.9094717597026822,0.9618060177870458,1.2854771894537227,323.9402517423381,250.860873521894,-0.8450145898558842,-1.1290990021851397,-0.44907235775313714,-0.8585184896211276,0.29698181683496894,-0.35284138039036994,0.591835307139905,0.062193425981292745,-1.9999707346751843,1.9999999971827398,49.07834101382488,50.92165898617511,1.6897081413210446,29.10906298003072,33.48694316436252,-0.00026266464048846805,0.0015433149849169885,55.34022808074951,"epochs=50, input=30",darts_deeplearning
DARTS_TFT,0.0198209967285352,0.014620051705314536,-2.35436940390061,0.49615975422427033,0.5254462826166902,0.7984929000751717,0.9618060177870458,1.971726941037365,496.875189141416,384.7825125434418,-0.9619399972514993,-1.8889250591673528,-0.4650373970098437,-0.9674066289768284,0.2587046104593275,-0.4846022041639214,0.517020005846137,-0.31802947967033773,-2.0,2.0,57.14285714285714,42.857142857142854,1.3824884792626728,44.31643625192012,29.03225806451613,-0.0001891485396415621,0.0017453382504582394,1555.2195837497711,"epochs=50, input=30, covariates=50",darts_deeplearning
DARTS_AutoARIMA,0.010827510753441306,0.007656949126480072,-0.000960998313898731,0.543010752688172,0.838974013687527,0.36756652265725176,0.9618060177870458,0.000450611738559035,0.11355415811687683,0.08793688077979568,0.3663669714115234,0.8367698178709498,-0.10901084594801932,-0.10903734945336542,0.5729708879185317,0.5711767965020018,1.1349332067125821,0.43860779482229595,-0.05098491508962977,0.5043827734102422,0.07680491551459294,99.9231950844854,0.07680491551459294,0.0,0.0,-0.0004553019062341184,0.00025232824044797166,2.148483991622925,auto,darts_classic
DARTS_ExpSmoothing,0.010853283923673957,0.007677379636436888,-0.005731927245190116,0.5384024577572964,0.46233350518153477,0.1628000013278279,0.9618060177870458,0.28309609838355426,71.34021679265567,55.24620359955061,-0.3308545240806078,-1.103211802962383,-0.12544165834680296,-0.3569892084074337,0.23615257382812632,-0.20956499950726953,0.490280644657943,0.3281693453050035,-0.01048903129106793,0.7744692649294453,2.5345622119815667,97.46543778801843,38.325652841781874,0.0,0.0,-1.722541039763801e-06,0.00012838190553276097,0.9463348388671875,default,darts_classic
DARTS_TCN,0.010824886515603897,0.007663121986200348,-0.00047585607490696624,0.543778801843318,0.8103095664717852,0.13588443484892143,0.9618060177870458,0.00026657502187444465,0.06717690551236005,0.05202211551879787,0.13529431634646172,0.807147872937537,-0.046052787625450675,-0.04605278762545362,0.5421362833339174,0.5398978737916422,1.0861543001964125,0.17385511628055023,0.004004611696084126,0.18359708567940292,0.0,100.0,0.07680491551459294,0.0,0.0,0,9.977286832098767e-05,98.12151503562927,"epochs=50, input=30",darts_deeplearning
DARTS_Prophet,0.01088164355422115,0.007722650971787493,-0.010994749138073745,0.5314900153609831,0.30314835860128775,0.1350749430907594,0.9618060177870458,0.2305589570449709,58.10085717533266,44.99358046732607,-0.27625648383568824,-0.6028800043891589,-0.23725955519373265,-0.3473265141122862,0.10463422562929696,-0.17464817983131178,0.3269775071357,0.35858363799875714,-0.8028464007498042,1.1776186403249387,22.427035330261134,77.57296466973887,9.754224270353303,0.0,0.0,-0.0004977124443512289,0.00029286043601374435,0.8823196887969971,default,darts_classic
DARTS_TSMixer,0.01083410434594796,0.007698292092412272,-0.002180473160231511,0.4923195084485407,0.41769406069398635,0.0891773552713282,0.9618060177870458,0.07830452851657647,19.73274118617727,15.281128740009898,-0.06515129785324958,-0.2929356106198478,-0.0789914139936495,-0.12170550675008798,0.2110464507329317,-0.10644400281003351,0.5255043606170805,0.050515297258242116,-0.7801158667403592,0.8843392005775534,41.705069124423964,58.294930875576036,35.79109062980031,0.0,0.0,-7.137227867376616e-05,0.0001694997480804855,56.23812818527222,"epochs=50, input=30",darts_deeplearning
SK_ElasticNet,0.010828668304187697,0.007670836625098854,-0.0011750318276853022,0.543778801843318,0.7576865763209344,0.0794666659175467,0.9618060177870458,0.0,0.0,0.0,0.0794666659175467,0.7576865763209344,-0.026859344606601873,-0.026859344606601873,0.55511949142261,0.55511949142261,0.9218448505537574,0.10194925306337412,0.1019492530633741,0.1019492530633741,0.0,100.0,0.0,0.0,0.0,0,5.950962029891915e-05,2.579301118850708,"{'regressor__alpha': 0.01, 'regressor__l1_ratio': 0.3}",sklearn
SK_Lasso,0.010828668304187697,0.007670836625098854,-0.0011750318276853022,0.543778801843318,0.7576865763209344,0.0794666659175467,0.9618060177870458,0.0,0.0,0.0,0.0794666659175467,0.7576865763209344,-0.026859344606601873,-0.026859344606601873,0.55511949142261,0.55511949142261,0.9218448505537574,0.10194925306337412,0.1019492530633741,0.1019492530633741,0.0,100.0,0.0,0.0,0.0,0,5.950962029891915e-05,6.1647021770477295,{'regressor__alpha': 0.01},sklearn
SK_GradientBoosting,0.01085335527931744,0.007692102893906675,-0.0057451517927564755,0.5384024577572964,0.2000172109268468,0.02894502061328441,0.9618060177870458,0.007962931131141767,2.0066586450477253,1.5539660102423156,0.013074829597646387,0.09926723011759826,-0.07074675033367789,-0.08064621009806354,0.07827911372799956,0.031215039115312083,0.1720940164805266,0.0945211986212023,-0.1258085952214496,1.9992086680831753,1.4592933947772657,98.54070660522274,98.07987711213516,0.0,0.2304147465437788,-0.0003924250075881516,2.985552517143538e-05,275.28765845298767,"{'regressor__learning_rate': 0.01, 'regressor__max_depth': 3, 'regressor__n_estimators': 100}",sklearn
SK_XGBoost,0.01112799806945944,0.008081275933456443,-0.05728967639777327,0.5245775729646698,0.09631327933113491,0.02336783415917032,0.9618060177870458,0.3423032,86.26041,66.80047,-0.47589510335226604,-1.0014549431824753,-0.21906008200975974,-0.5154900078441993,0.02045457279916692,-0.22802071165700963,0.04754974430498682,-0.20694675,-1.9350852,1.3761859,23.886328725038403,76.1136712749616,8.832565284178187,20.89093701996928,0.0,-0.00036625468318033093,0.00017338039801472372,17.219138145446777,"{'regressor__learning_rate': 0.01, 'regressor__max_depth': 3, 'regressor__n_estimators': 100}",sklearn
SK_LightGBM,0.011102613739861664,0.007948033071719832,-0.052471562950962225,0.4685099846390169,-0.6526236143834803,-0.43201042064933903,0.9618060177870458,0.3010614354487478,75.86748173308445,58.752139127823135,-0.6848543582353434,-1.4005864482914587,-0.4665860959419438,-0.6923189548260829,-0.22225452446532382,-0.28928938594500037,-0.6746990462369883,-0.40932001386564554,-1.9978492409408912,1.9856005676594735,86.32872503840245,13.671274961597543,6.1443932411674345,2.6881720430107525,0.9984639016897081,-0.0005383839262719059,0.0005651189647826825,33.87440299987793,"{'regressor__learning_rate': 0.01, 'regressor__n_estimators': 100, 'regressor__num_leaves': 31}",sklearn
DARTS_XGBoost,0.02529805418688409,0.01737011620110362,-4.464295098842498,0.48847926267281105,-0.2546540351212524,-0.4788139078143058,0.9618060177870458,1.1735102,295.72458,229.01053,-0.9475562204916073,-1.6870791646219836,-0.6331771749169595,-0.952126406038432,-0.18714467723557446,-0.456666588675469,-0.4969041797417459,-0.9371184,-2.0,1.9999614,75.72964669738863,24.270353302611365,1.7665130568356373,56.68202764976959,11.904761904761903,-0.0007333523623607641,0.0010082871936668279,5.770091772079468,lags=30,darts_ml
DARTS_NHiTS,0.011109458910696668,0.008049598910237585,-0.053769738081476115,0.4592933947772657,-0.7508218344579319,-0.49288013489572446,0.9618060177870458,0.02336173646551605,5.8871575893100445,4.559042871245458,-0.5154887833732456,-0.8066438748312299,-0.5192365389127155,-0.5289244748509735,-0.23717774583094278,-0.24740270120540314,-1.1166572264547765,-0.9003943183591019,-1.564229059282578,1.4413652688025498,99.07834101382488,0.9216589861751152,0.07680491551459294,0.07680491551459294,0.0,-0.0004967990084262032,0.002244522025522336,116.36975812911987,"epochs=50, input=30",darts_deeplearning
DARTS_NBEATS,0.011085514747169829,0.008016823479492459,-0.04923226342677545,0.45622119815668205,-0.8378106483469666,-0.5015789113350995,0.9618060177870458,0.0006438703893841992,0.1622553381248182,0.12565130648832648,-0.5022047269854228,-0.8394625004681727,-0.5308390035350862,-0.5308922773177389,-0.23751613528232937,-0.23789254380184927,-1.2323417956394547,-0.854130172816036,-0.8838671216149308,-0.5817708448798449,100.0,0.0,0.0,0.0,0.0,-0.0004912288387429745,0,833.0844843387604,"epochs=50, input=30",darts_deeplearning
DARTS_LightGBM,0.01700643641775281,0.013202365951996227,-1.4693721615871334,0.4807987711213518,-0.36672084130851984,-0.5734740872480673,0.9618060177870458,0.31182207876800244,78.57916384953661,60.85207867157567,-0.7679638486666608,-0.7422215793808709,-0.6131643469014906,-0.7847208704237574,-0.2479559067017726,-0.3138567295940544,-0.6369842098823515,-1.4604629076301778,-1.9999992743433592,1.9426595227349033,90.01536098310292,9.984639016897082,2.61136712749616,70.27649769585254,0.9216589861751152,-0.0006485904975094387,0.001271738121846608,28.251221895217896,lags=30,darts_ml
SK_RandomForest,0.013539787380098539,0.010831566989344251,-0.5652495855330877,0.4608294930875576,-0.4056479359532127,-0.5795332445598669,0.9618060177870458,0.05540891666517206,13.963046999623359,10.813050087208326,-0.622512443407989,-0.4753127894332841,-0.6361800200151772,-0.649132818158547,-0.24267137242532535,-0.2647343360302239,-0.8565217333200393,-1.6994760324730798,-1.9982443442099895,1.9964787125662298,94.6236559139785,5.376344086021505,5.0691244239631335,88.63287250384025,0.2304147465437788,-0.0006671644312846221,0.0026897393346604695,112.14921188354492,"{'regressor__max_depth': 10, 'regressor__n_estimators': 200}",sklearn
DARTS_RandomForest,0.02278640587350567,0.01809621413293072,-3.433141218140526,0.47619047619047616,-0.424205916144195,-0.6073142231472198,0.9618060177870458,0.22646909664884665,57.070212355509355,44.19544421102242,-0.7476324132210479,-0.6993743491209036,-0.656128381899954,-0.7675183580621415,-0.252232077013329,-0.30479644366002745,-0.6879135074621742,-1.4354395293651483,-1.9999999786386173,1.844597313721541,89.86175115207374,10.138248847926267,2.380952380952381,67.12749615975423,0.2304147465437788,-0.000701412553259171,0.0010508995727296772,1827.4553275108337,"lags=30, n_estimators=100",darts_ml
DARTS_NLinear,0.029639063047184406,0.02519147665184454,-6.50047641096813,0.45698924731182794,-0.7090793339649153,-0.7793637987199773,0.9618060177870458,0.019711476747450263,4.967292140357467,3.846694687264919,-0.7876578091154618,-0.7316646455591889,-0.8019437382644494,-0.8051410895112502,-0.31623580316058386,-0.3218294852001215,-1.075096501348235,-1.8805621434441324,-1.9999999997432918,0.8627135074642318,99.30875576036865,0.6912442396313364,0.5376344086021506,91.55145929339477,0.0,-0.0009613410926603007,0.0024492172046916174,16.46080183982849,"epochs=50, input=30",darts_deeplearning
SK_Ridge,0.07520876482710598,0.06602897805980631,-47.29440511158229,0.46006144393241166,-0.6960282365516374,-0.7839385793494358,0.9618060177870458,0.06898679995271538,17.384673588084276,13.462774010772405,-0.8112209382577255,-0.7720972143115091,-0.8032274466353503,-0.828073889514132,-0.31949115998688316,-0.33305499753103524,-1.069035294053005,-1.847137348434253,-2.0,1.9999978685786775,96.39016897081413,3.6098310291858677,0.07680491551459294,94.70046082949308,2.457757296466974,-0.0010379967861881907,0.0015960948613930384,8.20353102684021,{'regressor__alpha': 1},sklearn
