model,config,config_name,return,sharpe,max_dd,pct_3x,pct_1x,pct_cash,pct_short
GradientBoosting,conservador,Conservador (10/30),5.285740478837142,1.519207199376527,-0.1349524255190734,78.03379416282642,6.29800307219662,2.380952380952381,13.287250384024578
GradientBoosting,agresivo_long,Agresivo Long (30/50),6.452533777769441,1.600289097317175,-0.1437374682294394,84.33179723502305,0.9216589861751152,1.4592933947772657,13.287250384024578
GradientBoosting,muy_agresivo_long,Muy Agresivo Long (40/60),5.954671240344396,1.5576719048227095,-0.14373746822943922,84.7926267281106,0.9984639016897081,2.8417818740399383,11.367127496159755
GradientBoosting,agresivo_simetrico,Agresivo Simetrico (30/50),8.57289272653566,1.7721006806935422,-0.1437374682294392,84.33179723502305,0.9216589861751152,0.30721966205837176,14.439324116743471
GradientBoosting,solo_extremos,Solo Extremos (20/20),7.058796291721814,1.6364732730250597,-0.14373746822943934,82.10445468509985,0.0,6.528417818740399,11.367127496159753
Ridge,conservador,Conservador (10/30),1.910182934831886,1.06845014440619,-0.13703802808663842,19.35483870967742,18.509984639016896,30.491551459293394,31.643625192012287
Ridge,agresivo_long,Agresivo Long (30/50),2.9394534872338896,1.2959625915615745,-0.14225948127798618,37.864823348694316,16.43625192012289,14.055299539170507,31.643625192012287
Ridge,muy_agresivo_long,Muy Agresivo Long (40/60),4.977238156392501,1.717093544618214,-0.1407649491517105,46.85099846390169,13.90168970814132,16.589861751152075,22.657450076804913
Ridge,agresivo_simetrico,Agresivo Simetrico (30/50),3.4080803067648873,1.3867770179316738,-0.14209641150858632,37.864823348694316,16.43625192012289,0.30721966205837176,45.39170506912442
Ridge,solo_extremos,Solo Extremos (20/20),2.5620321311210223,1.2961084840237158,-0.12774917584757667,29.339477726574504,0.0,48.003072196620586,22.657450076804917
RandomForest,conservador,Conservador (10/30),0.9886430524697756,0.7444786092793921,-0.14389480461677137,15.591397849462366,15.514592933947775,33.94777265745007,34.946236559139784
RandomForest,agresivo_long,Agresivo Long (30/50),1.7069323847177729,0.9520232092208726,-0.15755740815922792,31.105990783410135,15.97542242703533,17.972350230414747,34.946236559139784
RandomForest,muy_agresivo_long,Muy Agresivo Long (40/60),2.7872942257077615,1.3225980180090593,-0.13122489199934914,39.784946236559136,15.360983102918588,19.431643625192013,25.42242703533026
RandomForest,agresivo_simetrico,Agresivo Simetrico (30/50),1.2731850115051122,0.8000879343922449,-0.1512074459643853,31.105990783410135,15.97542242703533,0.30721966205837176,52.61136712749616
RandomForest,solo_extremos,Solo Extremos (20/20),1.3800338871841276,0.8579897625257624,-0.12554701535456717,24.193548387096776,0.0,50.38402457757296,25.42242703533026
XGBoost,conservador,Conservador (10/30),2.8687986976280277,1.1512777900106084,-0.136326199699316,93.24116743471582,3.686635944700461,0.5376344086021506,2.5345622119815667
XGBoost,agresivo_long,Agresivo Long (30/50),2.4223469473730566,1.0461024615457042,-0.136326199699316,96.92780337941628,0.0,0.5376344086021506,2.5345622119815667
XGBoost,muy_agresivo_long,Muy Agresivo Long (40/60),2.465655148316397,1.0586114016315806,-0.136326199699316,96.92780337941628,0.0,0.9984639016897081,2.073732718894009
XGBoost,agresivo_simetrico,Agresivo Simetrico (30/50),2.4044893043490934,1.04042646363763,-0.136326199699316,96.92780337941628,0.0,0.30721966205837176,2.7649769585253456
XGBoost,solo_extremos,Solo Extremos (20/20),2.465655148316397,1.0586114016315806,-0.136326199699316,96.92780337941628,0.0,0.9984639016897081,2.0737327188940093
LightGBM,conservador,Conservador (10/30),1.4747349910587397,0.9734381595468419,-0.13363530058144577,13.13364055299539,18.049155145929337,37.71121351766513,31.105990783410135
LightGBM,agresivo_long,Agresivo Long (30/50),2.5124534490251564,1.2220710292814545,-0.13825217484027907,31.182795698924732,17.28110599078341,20.43010752688172,31.105990783410135
LightGBM,muy_agresivo_long,Muy Agresivo Long (40/60),5.410062541176406,1.8113357718302379,-0.138230431150306,39.40092165898618,19.12442396313364,19.969278033794165,21.50537634408602
LightGBM,agresivo_simetrico,Agresivo Simetrico (30/50),2.8039057080014906,1.3581581112371415,-0.13116022368210362,31.182795698924732,17.28110599078341,0.30721966205837176,51.22887864823349
LightGBM,solo_extremos,Solo Extremos (20/20),2.0190748429922736,1.0560154692518113,-0.12253424607702315,22.19662058371736,0.0,56.29800307219662,21.50537634408602
DLinear,conservador,Conservador (10/30),0.5520114702371848,0.3330650969905587,-0.17949970276796748,9.984639016897082,19.5852534562212,43.16436251920123,27.265745007680493
DLinear,agresivo_long,Agresivo Long (30/50),0.5325677986943262,0.5107710796016409,-0.1299567932472919,29.56989247311828,21.121351766513058,22.043010752688172,27.265745007680493
DLinear,muy_agresivo_long,Muy Agresivo Long (40/60),0.866688374099926,0.834616989063566,-0.09742076980228888,41.55145929339478,19.5852534562212,19.5852534562212,19.278033794162827
DLinear,agresivo_simetrico,Agresivo Simetrico (30/50),0.29757001969249885,0.1866709766576982,-0.12398616775071462,29.56989247311828,21.121351766513058,0.30721966205837176,49.0015360983103
DLinear,solo_extremos,Solo Extremos (20/20),1.0465940332399843,0.857461054915373,-0.13107413683383118,19.892473118279568,0.0,60.82949308755761,19.278033794162827
