strategy_return,market_return,leveraged_market_return,excess_vs_market,excess_vs_leveraged,sharpe,market_sharpe,max_drawdown,dir_accuracy,mean_position,win_rate,model,category,time
2.5697232415166105,0.9823266541732723,3.9461109204965705,1.5873965873433382,-1.37638767897996,0.7435941243224264,0.7435941243224259,-0.5689364407001173,1.0,2.5,0.5446841294298922,SF_AutoTheta,StatsForecast,29.64932632446289
2.4480902666568825,0.9869395992503947,3.9806402519368342,1.4611506674064878,-1.5325499852799518,0.8827917358917403,0.7458429599346195,-0.3378140779170248,0.9792147806004619,1.2545804464973056,0.5658198614318707,RandomForest,ML,8.083444595336914
2.442538458534711,0.9823266541732723,3.9461109204965705,1.4602118043614387,-1.5035724619618596,0.702206676608778,0.7435941243224259,-0.6042458397319792,0.9098613251155624,2.399075500770416,0.6348228043143297,SF_SeasonalNaive,StatsForecast,29.64932632446289
2.2097603756061526,0.9823266541732723,3.9461109204965705,1.2274337214328803,-1.736350544890418,0.8288370188477571,0.7435941243224259,-0.3812348863531007,1.0,1.7563944530046227,0.5446841294298922,Prophet,Prophet,0.9067044258117676
2.0847244869100092,0.9869395992503947,3.9806402519368342,1.0977848876596146,-1.895915765026825,0.8237543624496918,0.7458429599346195,-0.3585489717214977,0.9984603541185527,1.5100847482681274,0.5465742879137798,XGBoost,ML,0.7324905395507812
1.8601512446549937,0.9823266541732723,3.9461109204965705,0.8778245904817215,-2.085959675841577,0.7494580631340096,0.7435941243224259,-0.4356924836997165,1.0,1.8027734976887526,0.5446841294298922,DLinear,Darts,19.02707815170288
1.8637407998392779,0.9869395992503947,3.9806402519368342,0.8768012005888832,-2.1168994520975564,0.8055944124038111,0.7458429599346195,-0.3696024327855016,1.0,1.5005388760585066,0.5450346420323325,GradientBoosting,ML,55.25072932243347
1.8302679946586604,0.9823266541732723,3.9461109204965705,0.8479413404853882,-2.11584292583791,0.7435941243224258,0.7435941243224259,-0.4356924836997165,1.0,1.8000000000000005,0.5446841294298922,TCN,Darts,86.60609126091003
1.8302679946586604,0.9823266541732723,3.9461109204965705,0.8479413404853882,-2.11584292583791,0.7435941243224258,0.7435941243224259,-0.4356924836997165,1.0,1.8000000000000005,0.5446841294298922,N-HiTS,Darts,94.91448450088501
1.8013825305942701,0.9869395992503947,3.9806402519368342,0.8144429313438755,-2.179257721342564,0.805447231518222,0.7458429599346195,-0.3731353495401099,1.0,1.5300230946882216,0.5450346420323325,CatBoost,ML,1.3434994220733643
1.7456588434062148,0.9869395992503947,3.9806402519368342,0.7587192441558201,-2.2349814085306194,0.7754798042488918,0.7458429599346195,-0.40641195485707055,1.0,1.5658198614318706,0.5450346420323325,Lasso,ML,0.021359920501708984
1.7415240518842743,0.9869395992503947,3.9806402519368342,0.7545844526338796,-2.23911620005256,0.7506161994709284,0.7458429599346195,-0.42583278424059817,1.0,1.5394919168591223,0.5450346420323325,ElasticNet,ML,0.025960445404052734
1.7129327244414108,0.9823266541732723,3.9461109204965705,0.7306060702681385,-2.2331781960551598,0.7415970435132058,0.7435941243224259,-0.41466156564447654,1.0,1.699845916795069,0.5446841294298922,GARCH,GARCH,0.05930447578430176
1.702787868489572,0.9869395992503947,3.9806402519368342,0.7158482692391774,-2.277852383447262,0.7618436883863576,0.7458429599346195,-0.3579231560948146,0.9969207082371054,1.5090069284064664,0.5481139337952271,LightGBM,ML,18.940592765808105
1.612791180393304,0.9823266541732723,3.9461109204965705,0.6304645262200317,-2.3333197401032666,0.7435941243224263,0.7435941243224259,-0.3931313647136585,1.0,1.5999999999999999,0.5446841294298922,SF_AutoETS,StatsForecast,29.64932632446289
1.511696650160736,0.9823266541732723,3.9461109204965705,0.5293699959874638,-2.4344142703358345,0.7464525200416107,0.7435941243224259,-0.37110346999077765,1.0,1.4991525423728815,0.5446841294298922,SF_AutoARIMA,StatsForecast,29.64932632446289
1.279948555492601,0.9823266541732723,3.9461109204965705,0.29762190131932864,-2.6661623650039696,0.7387040890269764,0.7435941243224259,-0.32556457634049624,1.0,1.3000000000000003,0.5446841294298922,N-BEATS,Darts,768.618926525116
0.5203772261768971,0.9869395992503947,3.9806402519368342,-0.46656237307349757,-3.460263025759937,0.40079927214865824,0.7458429599346195,-0.3713369309189602,0.8414164742109315,0.7015396458814472,0.7036181678214011,Ridge,ML,0.02832651138305664
0.3211174380649995,0.9823266541732723,3.9461109204965705,-0.6612092161082728,-3.624993482431571,0.26433842669055013,0.7435941243224259,-0.5989118049975787,0.8428351309707242,1.2942218798151002,0.7018489984591679,TFT,Darts,258.92857480049133
