model,category,rmse,mae,r2,dir_acc,strategy_return,sharpe,max_dd,time
Prophet,Prophet,0.010808097361748852,0.007645168686086208,-0.00106594647790903,0.5346153846153846,0.9434413150841829,0.923073811846825,-0.1569700520321731,0.9020175933837891
ElasticNet,ML,0.010803535972510344,0.007678293438762982,-0.00022115618321949526,0.49153846153846154,0.6530938751425739,0.7918934968089542,-0.1897712074773948,0.026388883590698242
SF_AutoETS,StatsForecast,0.010805436621219081,0.007639929139055968,-0.0005731217396445221,0.5384615384615384,0.6355785191033605,0.6424849165762854,-0.2610965054306881,29.716031312942505
GARCH,GARCH,0.010803713271684666,0.007630270702285137,-0.00025398614569649425,0.5384615384615384,0.6355785191033605,0.6424849165762854,-0.2610965054306881,0.06012129783630371
SF_AutoTheta,StatsForecast,0.011172061958297862,0.00799714719868198,-0.06962331962891977,0.5384615384615384,0.6355785191033605,0.6424849165762854,-0.2610965054306881,29.716080248355865
GradientBoosting,ML,0.010774962790713747,0.007641377072098887,0.005062615257248604,0.5392307692307692,0.634013601661257,0.6445563673544139,-0.2610965054306881,55.00225615501404
SF_SeasonalNaive,StatsForecast,0.01744185165646907,0.014467971860095989,-1.6070500485756787,0.5215384615384615,0.6167360738542866,0.6683257381811761,-0.2350795989204502,29.716128170490265
MLForecast,MLForecast,0.010807596294917695,0.007646358463124949,-0.0009731291581527302,0.5384615384615384,0.5660185506730524,0.5941709175226884,-0.2610965054306885,2.7733309268951416
Prophet_Regressors,Prophet,0.010827086173766525,0.007744617489978211,-0.004586594192057536,0.4969230769230769,0.5280068574263637,0.8869439567110314,-0.13286899964467627,1.011000394821167
Lasso,ML,0.010799228067413562,0.00765038917026816,0.0005763602502961707,0.5192307692307693,0.5021857413393112,0.6133890719929904,-0.19528005762431974,0.02110123634338379
XGBoost,ML,0.010729642262481826,0.00766200646539025,0.013414617948193208,0.4815384615384615,0.38065946956015595,0.5398521395378617,-0.171662929641092,0.7984528541564941
SF_AutoARIMA,StatsForecast,0.010811241504450366,0.0076524417938671685,-0.0016484638066860402,0.4846153846153846,0.34749581634437443,0.5337898392912457,-0.16107052836053826,29.71596533060074
CatBoost,ML,0.010789570081789485,0.007646212645881742,0.0023631736966207573,0.5130769230769231,0.2964597127289008,0.42516629489878427,-0.2645496243432645,1.387420654296875
RandomForest,ML,0.011333585799219777,0.008306489571806696,-0.10077577928071624,0.5215384615384615,0.19235329566324832,0.30302355861694624,-0.2415118458003372,6.425880670547485
LightGBM,ML,0.010887636603885285,0.007720847938659394,-0.01585430555370282,0.4684615384615385,0.13885220735074322,0.25097717805726527,-0.19088899055711422,18.9378080368042
Ridge,ML,0.014072510151395419,0.01083121323002613,-0.6970996068200304,0.47615384615384615,-0.006577643337323469,0.031215727532158115,-0.18173714992483023,0.03155875205993652
DLinear,Darts,,,,,,,,19.286635398864746
TCN,Darts,,,,,,,,176.14394235610962
N-BEATS,Darts,,,,,,,,33.18558406829834
N-HiTS,Darts,,,,,,,,34.59187626838684
