window,train_size,test_size,rmse,mae,directional_accuracy,sharpe_ratio,cumulative_return,mean_position,window_type,train_start,train_end,test_start,test_end
1,3253,252,0.006972214390314762,0.0054220057071973264,0.46825396825396826,-0.5802728226427734,-0.01563898286675114,-0.20092164571595492,expanding,0,3252,3253,3504
2,3505,252,0.007311790853954701,0.0054278717336438305,0.5396825396825397,0.4082851579943967,0.018054146745313027,0.1003064882621056,expanding,0,3504,3505,3756
3,3757,252,0.009842096744815832,0.007176904768530957,0.5357142857142857,0.6935302754429088,0.08880898617922983,-0.016912768359740028,expanding,0,3756,3757,4008
4,4009,252,0.007971562601947476,0.005642712196784883,0.5436507936507936,1.245041554119196,0.0943648819916556,0.03358758784878509,expanding,0,4008,4009,4260
5,4261,252,0.0044382465517640865,0.00324042082166554,0.4444444444444444,-2.084973139611551,-0.03997295878700535,-0.23271106155199636,expanding,0,4260,4261,4512
6,4513,252,0.010995085155675077,0.0075929598357824405,0.4880952380952381,0.07086078876125526,-0.0034340064846709595,0.18333013523920846,expanding,0,4512,4513,4764
7,4765,252,0.007463632322843097,0.005454304080565285,0.5436507936507936,2.3300298351233293,0.10143505373315209,0.07260475102504967,expanding,0,4764,4765,5016
8,5017,252,0.02134233421713642,0.01364658203247978,0.4365079365079365,-0.5437637135320509,-0.27101377407435867,-0.38072761793450516,expanding,0,5016,5017,5268
9,5269,252,0.008312262335111724,0.006310012125175969,0.47619047619047616,-0.2807689472894753,-0.014756322560910085,-0.18889751355866102,expanding,0,5268,5269,5520
10,5521,252,0.015454829379361601,0.01237924868866206,0.4801587301587302,0.5191280851681427,0.10547086350070867,0.70060345263906,expanding,0,5520,5521,5772
11,5773,252,0.008257415874869728,0.006422484522645521,0.42857142857142855,-0.9686984589378932,-0.04409668547668366,-0.28780039386099543,expanding,0,5772,5773,6024
12,6025,252,0.008159438766998801,0.006174486942560542,0.4603174603174603,0.2282069620646461,0.011208065476120188,-0.26379667326858375,expanding,0,6024,6025,6276
