columna,ticker,campo,ajuste,tipo,n,n_comp,exacto,dentro_05pct,rho,primer_desvio,ultimo_desvio
SPY US Equity (CLOSE),SPY US Equity,PX_LAST,none,mercado,6527,6527.0,1.0,1.0,1.0,,
SPY US Equity (OPEN),SPY US Equity,PX_OPEN,none,mercado,6527,6527.0,1.0,1.0,1.0,,
SPY US Equity (HIGH),SPY US Equity,PX_HIGH,none,mercado,6527,6527.0,1.0,1.0,1.0,,
SPY US Equity (LOW),SPY US Equity,PX_LOW,none,mercado,6527,6527.0,1.0,1.0,1.0,,
SPY US Equity (VOLUME),SPY US Equity,PX_VOLUME,none,mercado,6527,6527.0,1.0,1.0,1.0,,
BIL US Equity (Risk Free),FDTR Index,PX_LAST,none,mercado,6527,6527.0,1.0,1.0,1.0,,
SPY US Equity,NAPMPMI Index,PX_LAST,default,macro,6508,6508.0,0.6584204056545789,0.7420098340503996,0.9867559829445556,2000-05-01,2025-12-12
QQQ US Equity,NAPMNMI Index,PX_LAST,default,macro,6508,6508.0,0.6508912108174555,0.7178856791641057,0.9689533590128399,2000-05-01,2025-11-28
IWM US Equity,XLF US Equity,PX_LAST,none,mercado,6527,6527.0,0.35590623563658647,0.35590623563658647,0.9725638634104836,2000-01-03,2016-09-16
EFA US Equity,XLK US Equity,PX_LAST,split,mercado,6527,6527.0,1.0,1.0,1.0,,
EEM US Equity,XLE US Equity,PX_LAST,split,mercado,6527,6527.0,1.0,1.0,1.0,,
VGK US Equity,XLV US Equity,PX_LAST,none,mercado,6527,6527.0,1.0,1.0,1.0,,
EWJ US Equity,XLI US Equity,PX_LAST,none,mercado,6527,6527.0,1.0,1.0,1.0,,
FXI US Equity,XLY US Equity,PX_LAST,split,mercado,6527,6527.0,1.0,1.0,1.0,,
DXY Curncy,XLP US Equity,PX_LAST,none,mercado,6527,6527.0,1.0,1.0,1.0,,
EURUSD Curncy,XLU US Equity,PX_LAST,split,mercado,6527,6527.0,1.0,1.0,1.0,,
USDJPY Curncy,XLB US Equity,PX_LAST,split,mercado,6527,6527.0,1.0,1.0,1.0,,
FNERTR Index,XLRE US Equity,PX_LAST,none,mercado,2561,2561.0,1.0,1.0,1.0,,
XLF US Equity,IWM US Equity,PX_LAST,none,mercado,6426,6426.0,0.8032990974167444,0.8032990974167444,0.9411658837417649,2000-05-26,2005-06-08
XLK US Equity,IWD US Equity,PX_LAST,none,mercado,6426,6426.0,1.0,1.0,1.0,,
XLE US Equity,IWF US Equity,PX_LAST,none,mercado,6426,6426.0,1.0,1.0,1.0,,
XLV US Equity,MDY US Equity,PX_LAST,none,mercado,6527,6527.0,1.0,1.0,1.0,,
XLI US Equity,DIA US Equity,PX_LAST,none,mercado,6527,6527.0,1.0,1.0,1.0,,
XLU US Equity,QQQ US Equity,PX_LAST,none,mercado,6527,6527.0,0.9918798835605944,0.9918798835605944,0.9980449480866401,2000-01-03,2000-03-17
GDP CQOQ Index,GDP CQOQ Index,PX_LAST,default,macro,6465,6465.0,0.5755607115235886,0.5755607115235886,0.9328317097815402,2000-10-02,2025-12-12
NAPMPMI Index,IP CHNG Index,PX_LAST,default,macro,6508,6508.0,0.6720958819913952,0.6720958819913952,0.7020116923992116,2000-05-01,2025-12-12
CONSSENT Index,(sin identificar),,,sin_identificar,5252,,,,,,
NFP TCH Index,USURTOT Index,PX_LAST,default,macro,6508,6508.0,0.7667486170866625,0.7667486170866625,0.9971664739455445,2000-05-01,2025-12-12
USURTOT Index,NFP TCH Index,PX_LAST,default,macro,6508,6508.0,0.35771358328211433,0.4459127228027044,0.6390199693543737,2000-05-01,2025-12-12
CPI YOY Index,INJCJC Index,PX_LAST,default,macro,6523,6523.0,0.8752107925801011,0.9449639736317645,0.9965177062717052,2000-04-24,2025-12-12
PCE CRCH Index,INJCSP Index,PX_LAST,default,macro,6523,6523.0,0.8388778169553887,0.9745515866932393,0.9990423408940837,2000-04-24,2025-12-12
RSTAMOM Index,CPI YOY Index,PX_LAST,default,macro,6508,6508.0,0.7426244622003688,0.7426244622003688,0.9879133326809205,2000-05-01,2025-12-12
LEI TOTL Index,CPUPXCHG Index,PX_LAST,default,macro,6508,6508.0,0.7874923171481254,0.7874923171481254,0.8679979897316068,2000-05-01,2025-06-27
INJCJC Index,PCE CYOY Index,PX_LAST,default,macro,6508,6508.0,0.5843577135832821,0.6304548248309773,0.9959183224580872,2000-05-01,2025-12-12
NHSPSTOT Index,PPI YOY Index,PX_LAST,default,macro,6508,6508.0,0.7297172710510141,0.7297172710510141,0.9865034517735047,2000-05-01,2025-12-12
IP CHNG Index,RSTAMOM Index,PX_LAST,default,macro,6508,6508.0,0.5543945912722803,0.5543945912722803,0.4123247939369458,2000-05-01,2025-12-12
CONCCONF Index,CONCCONF Index,PX_LAST,default,macro,6508,6508.0,0.7206515058389674,0.746158574062692,0.9930737921159902,2000-05-01,2025-12-12
NAPMNMI Index,CONSSENT Index,PX_LAST,default,macro,6508,6508.0,0.7240319606637984,0.7397049784880148,0.9889327777629998,2000-05-01,2025-12-12
Extra E15,NHSPSTOT Index,PX_LAST,default,macro,6508,6508.0,0.5878918254456054,0.6699446834665027,0.992128413379198,2000-05-01,2025-12-12
ETSLTOTL Index,ETSLTOTL Index,PX_LAST,default,macro,6508,6508.0,0.6556545789797172,0.7300245851259988,0.9940087522326145,2000-05-01,2025-12-12
GDP CYOY Index,NHSPATOT Index,PX_LAST,default,macro,6508,6508.0,0.5582360172095882,0.6496619545175168,0.9974954858331916,2000-05-01,2025-12-12
CPTICHNG Index,LEI TOTL Index,PX_LAST,default,macro,6508,6508.0,0.01936078672403196,0.17363245236631838,0.9976862051879377,2000-01-31,2025-12-12
PITLCHNG Index,CPTICHNG Index,PX_LAST,default,derivada,6508,6508.0,0.0,0.0,0.38428199818413866,2000-01-31,2025-12-12
FDTR Index,USGG3M Index,PX_LAST,default,mercado,6527,6527.0,1.0,1.0,0.9999999999999999,,
GB3 Govt,USGG2YR Index,PX_LAST,none,mercado,6527,6527.0,1.0,1.0,1.0,,
GB6 Govt,USGG5YR Index,PX_LAST,default,mercado,6527,6527.0,1.0,1.0,1.0,,
GB12 Govt,USGG10YR Index,PX_LAST,none,mercado,6527,6527.0,1.0,1.0,1.0,,
GT2 Govt,USGG30YR Index,PX_LAST,default,mercado,6527,6527.0,1.0,1.0,1.0,,
GT5 Govt,USYC2Y10 Index,PX_LAST,none,mercado,6527,6527.0,1.0,1.0,0.9999999999999999,,
GT10 Govt,USYC3M10 Index,PX_LAST,none,mercado,6527,6527.0,1.0,1.0,1.0,,
GT30 Govt,LF98OAS Index,PX_LAST,none,mercado,6508,6508.0,1.0,1.0,1.0,,
USGG10YR Index,LUACOAS Index,PX_LAST,default,mercado,6508,6508.0,1.0,1.0,1.0,,
CL1 Comdty,SPX Index,PE_RATIO,default,fundamental,6527,6527.0,0.050559215566110004,0.6837750880956028,0.9484118511406205,2000-01-03,2025-12-12
HO1 Comdty,SPX Index,PX_TO_BOOK_RATIO,default,fundamental,6527,6527.0,0.13344568714570246,0.7393902252183239,0.9942393281392041,2000-01-03,2025-12-12
GC1 Comdty,SPX Index,EARN_YLD,default,fundamental,6527,6527.0,0.05132526428680864,0.6837750880956028,0.9722164629953753,2000-01-03,2025-12-12
SI1 Comdty,SPX Index,BEST_PE_RATIO,default,fundamental,6527,6527.0,0.06496093151524437,0.7387773862417649,0.974555426520393,2000-01-03,2025-12-12
GLD US Equity,IVE US Equity,PX_LAST,none,mercado,6426,6426.0,1.0,1.0,1.0,,
SLV US Equity,IVW US Equity,PX_LAST,none,mercado,6426,6426.0,0.20152505446623092,0.20152505446623092,0.34370014870790244,2000-05-26,2020-10-16
USO US Equity,GLD US Equity,PX_LAST,none,mercado,5301,5301.0,1.0,1.0,1.0,,
DBC US Equity,SLV US Equity,PX_LAST,none,mercado,4939,4939.0,0.8860093136262401,0.8860093136262401,-0.11998810053857548,2006-04-28,2008-07-23
DBA US Equity,DBC US Equity,PX_LAST,none,mercado,4997,4997.0,1.0,1.0,1.0,,
BCOMTR Index,USO US Equity,PX_LAST,none,mercado,4952,4952.0,0.2857431340872375,0.2857431340872375,0.3627927125049876,2006-04-10,2020-04-28
GSCITR Index,UNG US Equity,PX_LAST,all,mercado,4696,4696.0,1.0,1.0,1.0,,
VIX Index,VIX Index,PX_LAST,none,mercado,6527,6527.0,1.0,1.0,0.9999999999999998,,
VIX3M Index,VIX3M Index,PX_LAST,none,mercado,6027,6027.0,1.0,1.0,0.9999999999999999,,
VIX1M Index,VIX6M Index,PX_LAST,default,mercado,4517,4517.0,1.0,1.0,1.0,,
VXV Index,VIX1Y Index,PX_LAST,default,mercado,4768,4768.0,1.0,1.0,1.0,,
VXEEM Index,VVIX Index,PX_LAST,default,mercado,4977,4977.0,1.0,1.0,0.9999999999999998,,
VXEFA Index,SKEW Index,PX_LAST,default,mercado,6527,6527.0,1.0,1.0,1.0,,
GVZ Index,UX1 Index,PX_LAST,default,mercado,5465,5465.0,0.9998170173833486,0.9998170173833486,0.9999992819162721,2025-10-22,2025-10-22
OVX Index,UX2 Index,PX_LAST,default,mercado,5465,5465.0,1.0,1.0,1.0,,
TYVIX Index,MOVE Index,PX_LAST,none,mercado,6527,6527.0,1.0,1.0,1.0,,
MOVE Index,CVIX Index,PX_LAST,none,mercado,6109,6109.0,0.9970535275822557,0.9972172204943526,0.9999739815603015,2001-09-17,2025-12-12
CVIX Index,OVX Index,PX_LAST,none,mercado,4680,4680.0,1.0,1.0,0.9999999999999998,,
VIY1 Index,GVZ Index,PX_LAST,none,mercado,4412,4412.0,1.0,1.0,1.0,,
V2X Index,VXEEM Index,PX_LAST,none,mercado,3710,3710.0,1.0,1.0,1.0,,
AAII BULLISH Index,PCUSEQTR Index,PX_LAST,default,mercado,6527,6527.0,1.0,1.0,0.9999999999999998,,
PUT Index,HYG US Equity,PX_LAST,none,mercado,4701,4701.0,1.0,1.0,0.9999999999999999,,
NYHL Index,LQD US Equity,PX_LAST,none,mercado,5885,5885.0,1.0,1.0,1.0,,
TICK Index,TLT US Equity,PX_LAST,none,mercado,5885,5885.0,1.0,1.0,1.0,,
TRIN Index,IEF US Equity,PX_LAST,none,mercado,5885,5885.0,1.0,1.0,1.0,,
ADD Index,SHY US Equity,PX_LAST,none,mercado,5885,5885.0,1.0,1.0,1.0,,
MCCL Index,EFA US Equity,PX_LAST,none,mercado,6117,6117.0,0.8438777178355403,0.8438777178355403,-0.1972842762537983,2001-08-17,2005-06-08
MCSU Index,EEM US Equity,PX_LAST,none,mercado,5706,5706.0,0.7669120224325272,0.7669120224325272,-0.46364475367136043,2003-04-11,2008-07-23
SRVOL Index,FXI US Equity,PX_LAST,none,mercado,5330,5330.0,0.8210131332082552,0.8210131332082552,0.36688642992876347,2004-10-08,2008-07-23
PCUSEQUI Index,DXY Curncy,PX_LAST,none,mercado,6527,6527.0,1.0,1.0,1.0,,
USGG2YR Index,USGG2YR Index,PX_LAST,none,mercado,6527,6527.0,1.0,1.0,1.0,,
USYC2Y10 Index,USYC2Y10 Index,PX_LAST,none,mercado,6518,6518.0,1.0,1.0,0.9999999999999999,,
USYC3M10 Index,USYC3M10 Index,PX_LAST,none,mercado,6518,6518.0,1.0,1.0,1.0,,
US0003M Index,US0003M Index,PX_LAST,none,mercado,6110,6110.0,1.0,1.0,1.0,,
USSWAP10 Index,USSWAP10 Index,PX_LAST,none,mercado,3458,3458.0,1.0,1.0,0.9999999999999999,,
CDX IG CDSI GEN 5Y,CDX IG CDSI GEN 5Y Corp,PX_LAST,none,mercado,3559,3559.0,1.0,1.0,0.9999999999999998,,
CDX HY CDSI GEN 5Y,CDX HY CDSI GEN 5Y Corp,PX_LAST,none,mercado,3548,3548.0,1.0,1.0,1.0,,
LF98TRUU Index,LF98TRUU Index,PX_LAST,none,mercado,6479,6479.0,1.0,1.0,1.0,,
LF98OAS Index,LF98OAS Index,PX_LAST,none,mercado,6330,6330.0,1.0,1.0,1.0,,
LUACTRUU Index,LUACTRUU Index,PX_LAST,none,mercado,6483,6483.0,1.0,1.0,1.0,,
LQD US Equity,LQD US Equity,PX_LAST,none,mercado,5885,5885.0,1.0,1.0,1.0,,
