raw_col,n,best,exact,shift,corr,second,exact2
SPY US Equity (CLOSE),510,SPY US Equity|PX_LAST|adj=False,1.0,0.0,1.0,SPY US Equity|PX_LAST|adj=None,0.003937007874015748
SPY US Equity (OPEN),510,SPY US Equity|PX_LAST|adj=False,0.023575638506876228,1.0,0.9981323807605123,SPY US Equity|PX_LAST|adj=None,0.0039447731755424065
SPY US Equity (HIGH),510,SPY US Equity|PX_LAST|adj=False,0.0392156862745098,0.0,0.998406099787385,SPY US Equity|PX_LAST|adj=None,0.0019723865877712033
SPY US Equity (LOW),510,SPY US Equity|PX_LAST|adj=False,0.021611001964636542,1.0,0.996496927681054,SPY US Equity|PX_LAST|adj=None,0.005917159763313609
SPY US Equity (VOLUME),510,NAPMNMI Index|PX_LAST|adj=False,0.0,0.0,,NHSPATOT Index|PX_LAST|adj=False,0.0
BIL US Equity (Risk Free),510,FDTR Index|PX_LAST|adj=False,1.0,0.0,1.0,FDTR Index|PX_LAST|adj=None,1.0
SPY US Equity,510,NAPMPMI Index|PX_LAST|adj=False,0.12653061224489795,0.0,0.8100790382533455,NAPMPMI Index|PX_LAST|adj=None,0.12653061224489795
QQQ US Equity,510,NAPMNMI Index|PX_LAST|adj=False,0.15306122448979592,0.0,0.7082697695988222,NAPMNMI Index|PX_LAST|adj=None,0.15306122448979592
IWM US Equity,510,XLF US Equity|PX_LAST|adj=False,1.0,0.0,1.0,XLF US Equity|PX_LAST|adj=None,0.0039447731755424065
EFA US Equity,510,XLK US Equity|PX_LAST|adj=False,0.011764705882352941,0.0,0.8532178059471263,XLK US Equity|PX_LAST|adj=None,0.00984251968503937
EEM US Equity,510,XLE US Equity|PX_LAST|adj=False,0.011764705882352941,0.0,0.5987423040871279,XLE US Equity|PX_LAST|adj=None,0.0039447731755424065
VGK US Equity,510,XLV US Equity|PX_LAST|adj=False,1.0,0.0,0.9999999999999999,XLK US Equity|PX_LAST|adj=None,0.00392156862745098
EWJ US Equity,510,XLI US Equity|PX_LAST|adj=False,1.0,0.0,1.0,XLI US Equity|PX_LAST|adj=None,0.005917159763313609
FXI US Equity,510,LQD US Equity|PX_LAST|adj=None,0.0039447731755424065,3.0,0.7879855322658408,CONCCONF Index|PX_LAST|adj=False,0.002053388090349076
DXY Curncy,510,EFA US Equity|PX_LAST|adj=False,0.0039447731755424065,-3.0,0.4307602414261601,XLU US Equity|PX_LAST|adj=False,0.0019723865877712033
EURUSD Curncy,510,XLU US Equity|PX_LAST|adj=False,0.011764705882352941,0.0,0.862960353210307,SI1 Comdty|PX_LAST|adj=False,0.0019723865877712033
USDJPY Curncy,510,AAII BULLISH Index|PX_LAST|adj=False,0.0019880715705765406,3.0,0.3424660551971686,AAII BULLISH Index|PX_LAST|adj=None,0.0019880715705765406
FNERTR Index,510,EEM US Equity|PX_LAST|adj=None,0.005893909626719057,-1.0,0.41351989949418333,NFP TCH Index|PX_LAST|adj=False,0.002053388090349076
XLF US Equity,510,IWM US Equity|PX_LAST|adj=False,1.0,0.0,1.0,IWM US Equity|PX_LAST|adj=None,0.007858546168958742
XLK US Equity,510,NAPMNMI Index|PX_LAST|adj=False,0.0,0.0,,NHSPATOT Index|PX_LAST|adj=False,0.0
XLE US Equity,510,TICK Index|PX_LAST|adj=False,0.0019723865877712033,-3.0,-0.09232467904238036,TICK Index|PX_LAST|adj=None,0.0019723865877712033
XLV US Equity,510,QQQ US Equity|PX_LAST|adj=False,0.0039447731755424065,3.0,0.8219171501583066,SPY US Equity|PX_LAST|adj=None,0.0039447731755424065
XLI US Equity,510,NAPMNMI Index|PX_LAST|adj=False,0.0,0.0,,NHSPATOT Index|PX_LAST|adj=False,0.0
XLU US Equity,510,QQQ US Equity|PX_LAST|adj=False,1.0,0.0,1.0,QQQ US Equity|PX_LAST|adj=None,0.011787819253438114
GDP CQOQ Index,510,CPI YOY Index|PX_LAST|adj=False,0.03877551020408163,0.0,0.34883448300647724,CPI YOY Index|PX_LAST|adj=None,0.03877551020408163
NAPMPMI Index,510,IP CHNG Index|PX_LAST|adj=False,0.47551020408163264,0.0,0.783156983659835,IP CHNG Index|PX_LAST|adj=None,0.47551020408163264
CONSSENT Index,510,NAPMNMI Index|PX_LAST|adj=False,0.006160164271047228,3.0,0.1718241510434596,NAPMNMI Index|PX_LAST|adj=None,0.006160164271047228
NFP TCH Index,510,USURTOT Index|PX_LAST|adj=False,0.6469387755102041,0.0,0.9603046387251835,USURTOT Index|PX_LAST|adj=None,0.6469387755102041
USURTOT Index,510,XLI US Equity|PX_LAST|adj=None,0.0019723865877712033,-3.0,-0.34420146250065475,NAPMNMI Index|PX_LAST|adj=False,0.0
CPI YOY Index,510,INJCJC Index|PX_LAST|adj=False,0.28823529411764703,0.0,0.9726878507262872,INJCJC Index|PX_LAST|adj=None,0.28823529411764703
PCE CRCH Index,510,NAPMNMI Index|PX_LAST|adj=False,0.0,0.0,,NHSPATOT Index|PX_LAST|adj=False,0.0
RSTAMOM Index,510,CPI YOY Index|PX_LAST|adj=False,0.6938775510204082,0.0,0.9005799818434856,CPI YOY Index|PX_LAST|adj=None,0.6938775510204082
LEI TOTL Index,510,PITLCHNG Index|PX_LAST|adj=False,0.14989733059548255,3.0,0.15560956103520443,PITLCHNG Index|PX_LAST|adj=None,0.14989733059548255
INJCJC Index,510,NAPMNMI Index|PX_LAST|adj=False,0.0,0.0,,NHSPATOT Index|PX_LAST|adj=False,0.0
NHSPSTOT Index,510,PCE CRCH Index|PX_LAST|adj=False,0.08775510204081632,0.0,-0.08319288894137408,PCE CRCH Index|PX_LAST|adj=None,0.08775510204081632
IP CHNG Index,510,PCE CRCH Index|PX_LAST|adj=False,0.13141683778234087,3.0,0.6050847909168986,PCE CRCH Index|PX_LAST|adj=None,0.13141683778234087
CONCCONF Index,510,CONCCONF Index|PX_LAST|adj=False,0.6938775510204082,0.0,0.8853570023019037,CONCCONF Index|PX_LAST|adj=None,0.6938775510204082
NAPMNMI Index,510,CONSSENT Index|PX_LAST|adj=False,0.7326530612244898,0.0,0.9736237164376836,CONSSENT Index|PX_LAST|adj=None,0.7326530612244898
Extra E15,510,NHSPSTOT Index|PX_LAST|adj=False,0.04693877551020408,0.0,0.5355881231379755,NHSPSTOT Index|PX_LAST|adj=None,0.04693877551020408
ETSLTOTL Index,510,ETSLTOTL Index|PX_LAST|adj=False,0.1673469387755102,0.0,0.8475994343621938,ETSLTOTL Index|PX_LAST|adj=None,0.1673469387755102
GDP CYOY Index,510,NAPMNMI Index|PX_LAST|adj=False,0.0,0.0,,NHSPATOT Index|PX_LAST|adj=False,0.0
CPTICHNG Index,510,DXY Curncy|PX_LAST|adj=False,0.005917159763313609,-3.0,0.6313396895915532,DXY Curncy|PX_LAST|adj=None,0.005917159763313609
PITLCHNG Index,510,PITLCHNG Index|PX_LAST|adj=False,0.08775510204081632,0.0,-0.22926557140712894,PITLCHNG Index|PX_LAST|adj=None,0.08775510204081632
FDTR Index,510,GB3 Govt|PX_LAST|adj=False,0.03143418467583497,-1.0,0.999396829086666,GB3 Govt|PX_LAST|adj=None,0.03143418467583497
GB3 Govt,510,USGG2YR Index|PX_LAST|adj=False,1.0,0.0,0.9999999999999999,USGG2YR Index|PX_LAST|adj=None,1.0
GB6 Govt,510,GT5 Govt|PX_LAST|adj=False,0.021568627450980392,0.0,0.9999990724039379,GT5 Govt|PX_LAST|adj=None,0.021568627450980392
GB12 Govt,510,USGG10YR Index|PX_LAST|adj=False,1.0,0.0,1.0,USGG10YR Index|PX_LAST|adj=None,1.0
GT2 Govt,510,GT30 Govt|PX_LAST|adj=False,0.08431372549019608,0.0,0.9999979399750988,GT30 Govt|PX_LAST|adj=None,0.08431372549019608
GT5 Govt,510,USYC2Y10 Index|PX_LAST|adj=False,1.0,0.0,0.9999999999999998,USYC2Y10 Index|PX_LAST|adj=None,1.0
GT10 Govt,510,USYC3M10 Index|PX_LAST|adj=False,1.0,0.0,1.0,USYC3M10 Index|PX_LAST|adj=None,1.0
GT30 Govt,510,LF98OAS Index|PX_LAST|adj=False,1.0,0.0,1.0,LF98OAS Index|PX_LAST|adj=None,1.0
USGG10YR Index,510,TRIN Index|PX_LAST|adj=False,0.023622047244094488,-2.0,0.056656037113220786,TRIN Index|PX_LAST|adj=None,0.023622047244094488
CL1 Comdty,510,OVX Index|PX_LAST|adj=False,0.0019723865877712033,3.0,-0.009101219986505569,DBA US Equity|PX_LAST|adj=False,0.0019723865877712033
HO1 Comdty,510,FDTR Index|PX_LAST|adj=False,0.0019723865877712033,-3.0,-0.7166676219405949,USGG2YR Index|PX_LAST|adj=False,0.0019723865877712033
GC1 Comdty,510,USGG2YR Index|PX_LAST|adj=False,0.007889546351084813,-3.0,0.4573080709033891,USGG2YR Index|PX_LAST|adj=None,0.007889546351084813
SI1 Comdty,510,GVZ Index|PX_LAST|adj=False,0.003937007874015748,2.0,0.1265318827209099,GVZ Index|PX_LAST|adj=None,0.003937007874015748
GLD US Equity,510,NAPMNMI Index|PX_LAST|adj=False,0.0,0.0,,NHSPATOT Index|PX_LAST|adj=False,0.0
SLV US Equity,510,LEI TOTL Index|PX_LAST|adj=False,0.002053388090349076,3.0,-0.914809053721157,LEI TOTL Index|PX_LAST|adj=None,0.002053388090349076
USO US Equity,510,GLD US Equity|PX_LAST|adj=False,1.0,0.0,1.0,GLD US Equity|PX_LAST|adj=None,1.0
DBC US Equity,510,SLV US Equity|PX_LAST|adj=False,1.0,0.0,1.0,SLV US Equity|PX_LAST|adj=None,1.0
DBA US Equity,510,DBC US Equity|PX_LAST|adj=False,1.0,0.0,1.0,DBC US Equity|PX_LAST|adj=None,1.0
BCOMTR Index,510,USO US Equity|PX_LAST|adj=False,1.0,0.0,1.0,USO US Equity|PX_LAST|adj=None,1.0
GSCITR Index,510,VIX Index|PX_LAST|adj=False,0.0019723865877712033,-3.0,0.04565816233809271,VXEFA Index|PX_LAST|adj=False,0.0019723865877712033
VIX Index,510,VIX Index|PX_LAST|adj=False,1.0,0.0,0.9999999999999998,VIX Index|PX_LAST|adj=None,1.0
VIX3M Index,510,VIX3M Index|PX_LAST|adj=False,1.0,0.0,0.9999999999999999,VXV Index|PX_LAST|adj=False,1.0
VIX1M Index,510,GVZ Index|PX_LAST|adj=False,0.00392156862745098,0.0,0.7218690824416791,GVZ Index|PX_LAST|adj=None,0.00392156862745098
VXV Index,510,DBC US Equity|PX_LAST|adj=False,0.009861932938856016,-3.0,-0.4458354778674117,DBC US Equity|PX_LAST|adj=None,0.009861932938856016
VXEEM Index,510,DXY Curncy|PX_LAST|adj=False,0.0019723865877712033,-3.0,-0.16245065939915512,XLE US Equity|PX_LAST|adj=False,0.0019723865877712033
VXEFA Index,510,USDJPY Curncy|PX_LAST|adj=False,0.005893909626719057,1.0,0.22355721596160985,USDJPY Curncy|PX_LAST|adj=None,0.005893909626719057
GVZ Index,510,VIX Index|PX_LAST|adj=False,0.003937007874015748,-2.0,0.8161601680395547,VIX Index|PX_LAST|adj=None,0.003937007874015748
OVX Index,510,VIX3M Index|PX_LAST|adj=False,0.003929273084479371,1.0,0.9085594374712734,VXV Index|PX_LAST|adj=False,0.003929273084479371
TYVIX Index,510,MOVE Index|PX_LAST|adj=False,1.0,0.0,0.9999999999999999,MOVE Index|PX_LAST|adj=None,1.0
MOVE Index,510,CVIX Index|PX_LAST|adj=False,0.9980392156862745,0.0,0.9999744891439357,CVIX Index|PX_LAST|adj=None,0.9980392156862745
CVIX Index,510,OVX Index|PX_LAST|adj=False,1.0,0.0,1.0,OVX Index|PX_LAST|adj=None,1.0
VIY1 Index,510,GVZ Index|PX_LAST|adj=False,1.0,0.0,1.0,GVZ Index|PX_LAST|adj=None,1.0
V2X Index,510,VXEEM Index|PX_LAST|adj=False,1.0,0.0,1.0,VXEEM Index|PX_LAST|adj=None,1.0
AAII BULLISH Index,510,PCE CRCH Index|PX_LAST|adj=False,0.0163265306122449,-3.0,0.024925253436018622,PCE CRCH Index|PX_LAST|adj=None,0.0163265306122449
PUT Index,510,CPTICHNG Index|PX_LAST|adj=False,0.0020408163265306124,-3.0,-0.501509448921466,CPTICHNG Index|PX_LAST|adj=None,0.0020408163265306124
NYHL Index,510,LQD US Equity|PX_LAST|adj=False,1.0,0.0,0.9999999999999999,CDX HY CDSI GEN 5Y Corp|PX_LAST|adj=False,0.00984251968503937
TICK Index,510,LQD US Equity|PX_LAST|adj=None,0.0039447731755424065,3.0,-0.24822150929633693,EFA US Equity|PX_LAST|adj=None,0.0039447731755424065
TRIN Index,510,DXY Curncy|PX_LAST|adj=False,0.0019723865877712033,3.0,-0.6035608130763668,DXY Curncy|PX_LAST|adj=None,0.0019723865877712033
ADD Index,510,EFA US Equity|PX_LAST|adj=False,0.003929273084479371,1.0,0.674438674221565,EWJ US Equity|PX_LAST|adj=False,0.0019723865877712033
MCCL Index,510,EFA US Equity|PX_LAST|adj=False,1.0,0.0,1.0,CONSSENT Index|PX_LAST|adj=False,0.0020491803278688526
MCSU Index,510,EEM US Equity|PX_LAST|adj=False,1.0,0.0,1.0,USYC2Y10 Index|PX_LAST|adj=False,0.003937007874015748
SRVOL Index,510,FXI US Equity|PX_LAST|adj=False,1.0,0.0,1.0,FXI US Equity|PX_LAST|adj=None,0.007889546351084813
PCUSEQUI Index,510,DXY Curncy|PX_LAST|adj=False,1.0,0.0,1.0,DXY Curncy|PX_LAST|adj=None,1.0
USGG2YR Index,510,USGG2YR Index|PX_LAST|adj=False,1.0,0.0,0.9999999999999999,USGG2YR Index|PX_LAST|adj=None,1.0
USYC2Y10 Index,510,USYC2Y10 Index|PX_LAST|adj=False,1.0,0.0,0.9999999999999998,USYC2Y10 Index|PX_LAST|adj=None,1.0
USYC3M10 Index,510,USYC3M10 Index|PX_LAST|adj=False,1.0,0.0,1.0,USYC3M10 Index|PX_LAST|adj=None,1.0
US0003M Index,204,US0003M Index|PX_LAST|adj=False,1.0,0.0,1.0,US0003M Index|PX_LAST|adj=None,1.0
USSWAP10 Index,0,(sin datos en ventana),,,,,
CDX IG CDSI GEN 5Y,506,CDX IG CDSI GEN 5Y Corp|PX_LAST|adj=False,1.0,0.0,1.0,CDX IG CDSI GEN 5Y Corp|PX_LAST|adj=None,1.0
CDX HY CDSI GEN 5Y,506,CDX HY CDSI GEN 5Y Corp|PX_LAST|adj=False,1.0,0.0,1.0,CDX HY CDSI GEN 5Y Corp|PX_LAST|adj=None,1.0
LF98TRUU Index,510,LF98TRUU Index|PX_LAST|adj=False,1.0,0.0,1.0,LF98TRUU Index|PX_LAST|adj=None,1.0
LF98OAS Index,510,LF98OAS Index|PX_LAST|adj=False,1.0,0.0,1.0,LF98OAS Index|PX_LAST|adj=None,1.0
LUACTRUU Index,510,LUACTRUU Index|PX_LAST|adj=False,1.0,0.0,1.0,LUACTRUU Index|PX_LAST|adj=None,1.0
LQD US Equity,510,LQD US Equity|PX_LAST|adj=False,1.0,0.0,0.9999999999999999,CDX HY CDSI GEN 5Y Corp|PX_LAST|adj=False,0.00984251968503937
